,순위,선수명,팀명,AVG,G,PA,AB,R,H,2B,3B,HR,TB,RBI,SAC,SF,순위,선수명,팀명,AVG,BB,IBB,HBP,SO,GDP,SLG,OBP,OPS,MH,RISP,PH-BA,순위,선수명,팀명,AVG,XBH,GO,AO,GO/AO,GW RBI,BB/K,P/PA,ISOP,XR,GPA,year
0,1,최형우,삼성,0.400,4,6,5,0,2,2,0,0,4,0,1,0,1,최형우,삼성,0.400,0,0,0,0,0,0.800,0.400,1.200,0,0.0,0.0,1.0,최형우,삼성,0.400,2.0,2.0,1.0,2.00,0.0,-,2.83,0.400,1.2,0.38,2002
1,2,마해영,삼성,0.323,133,596,532,92,172,40,2,33,315,116,0,6,2,마해영,삼성,0.323,46,5,12,74,14,0.592,0.386,0.978,53,0.313,0.0,2.0,마해영,삼성,0.323,75.0,142.0,150.0,0.95,0.0,0.62,3.54,0.269,110.6,0.322,2002
2,3,이승엽,삼성,0.323,133,617,511,123,165,42,2,47,352,126,0,2,3,이승엽,삼성,0.323,89,5,15,109,11,0.689,0.436,1.125,47,0.331,0.0,3.0,이승엽,삼성,0.323,91.0,103.0,136.0,0.76,0.0,0.82,4.13,0.366,136.1,0.368,2002
3,4,김한수,삼성,0.311,127,541,486,69,151,23,1,17,227,76,2,4,4,김한수,삼성,0.311,35,2,14,61,15,0.467,0.371,0.838,44,0.287,0.0,4.0,김한수,삼성,0.311,41.0,153.0,125.0,1.22,0.0,0.57,3.69,0.156,79.0,0.284,2002
4,5,강동우,삼성,0.288,130,521,466,75,134,23,3,9,190,49,7,1,5,강동우,삼성,0.288,46,0,1,76,9,0.408,0.352,0.760,36,0.33,0.0,5.0,강동우,삼성,0.288,35.0,150.0,107.0,1.40,0.0,0.61,3.97,0.120,65.0,0.26,2002
5,6,조동찬,삼성,0.286,5,7,7,2,2,0,0,1,5,1,0,0,6,조동찬,삼성,0.286,0,0,0,2,0,0.714,0.286,1.000,1,0.0,0.0,6.0,조동찬,삼성,0.286,1.0,2.0,1.0,2.00,0.0,0.00,2.57,0.429,1.5,0.307,2002
6,7,브리또,삼성,0.283,128,545,481,89,136,29,0,25,240,90,4,4,7,브리또,삼성,0.283,35,3,21,84,10,0.499,0.355,0.854,40,0.286,0.0,7.0,브리또,삼성,0.283,54.0,114.0,151.0,0.75,0.0,0.42,3.61,0.216,82.4,0.285,2002
7,8,진갑용,삼성,0.281,133,517,462,58,130,29,1,18,215,86,1,5,8,진갑용,삼성,0.281,41,4,8,56,13,0.465,0.347,0.812,34,0.358,0.0,8.0,진갑용,삼성,0.281,48.0,134.0,147.0,0.91,0.0,0.73,3.78,0.184,71.5,0.272,2002
8,9,김종훈,삼성,0.280,105,229,193,29,54,10,1,3,75,22,6,1,9,김종훈,삼성,0.280,26,1,3,43,7,0.389,0.372,0.761,13,0.275,0.205,9.0,김종훈,삼성,0.280,14.0,68.0,29.0,2.34,0.0,0.60,4.00,0.109,27.7,0.265,2002
9,10,양준혁,삼성,0.276,132,437,391,60,108,23,2,14,177,50,0,1,10,양준혁,삼성,0.276,39,3,5,56,9,0.453,0.349,0.802,27,0.237,0.214,10.0,양준혁,삼성,0.276,39.0,107.0,121.0,0.88,0.0,0.70,3.73,0.176,58.5,0.27,2002
10,11,박한이,삼성,0.272,133,586,504,89,137,24,2,10,195,47,14,2,11,박한이,삼성,0.272,60,3,6,79,15,0.387,0.355,0.742,39,0.242,0.0,11.0,박한이,삼성,0.272,36.0,168.0,122.0,1.38,0.0,0.76,3.96,0.115,67.0,0.257,2002
11,12,장영균,삼성,0.250,5,6,4,1,1,1,0,0,2,0,0,0,12,장영균,삼성,0.250,1,0,1,1,0,0.500,0.500,1.000,0,0.0,0.0,12.0,장영균,삼성,0.250,1.0,1.0,1.0,1.00,0.0,1.00,4.17,0.250,1.1,0.35,2002
12,13,박정환,삼성,0.234,119,372,316,49,74,12,2,9,117,36,13,2,13,박정환,삼성,0.234,35,0,6,79,9,0.370,0.320,0.690,14,0.133,0.5,13.0,박정환,삼성,0.234,23.0,100.0,65.0,1.54,0.0,0.44,3.98,0.136,39.2,0.237,2002
13,14,현재윤,삼성,0.227,20,22,22,2,5,0,0,1,8,2,0,0,14,현재윤,삼성,0.227,0,0,0,5,2,0.364,0.227,0.591,1,0.0,0.2,14.0,현재윤,삼성,0.227,1.0,6.0,6.0,1.00,0.0,0.00,2.77,0.136,1.1,0.193,2002
14,15,김재걸,삼성,0.207,83,106,92,17,19,1,0,2,26,10,4,2,15,김재걸,삼성,0.207,8,0,0,26,0,0.283,0.265,0.548,5,0.12,0.0,15.0,김재걸,삼성,0.207,3.0,32.0,17.0,1.88,0.0,0.31,3.78,0.076,9.0,0.19,2002
15,16,하춘동,삼성,0.200,15,10,10,2,2,0,0,0,2,2,0,0,16,하춘동,삼성,0.200,0,0,0,6,0,0.200,0.200,0.400,0,0.333,0.25,16.0,하춘동,삼성,0.200,0.0,2.0,0.0,-,0.0,0.00,4.70,0.000,0.2,0.14,2002
16,17,임재철,삼성,0.194,104,82,72,13,14,4,0,1,21,4,2,0,17,임재철,삼성,0.194,3,0,5,19,1,0.292,0.275,0.567,2,0.214,0.333,17.0,임재철,삼성,0.194,5.0,25.0,14.0,1.79,0.0,0.16,3.79,0.097,6.4,0.197,2002
17,18,김승관,삼성,0.182,12,12,11,1,2,0,0,0,2,0,0,0,18,김승관,삼성,0.182,0,0,1,4,0,0.182,0.250,0.432,0,0.0,0.182,18.0,김승관,삼성,0.182,0.0,2.0,3.0,0.67,0.0,0.00,4.83,0.000,0.5,0.158,2002
18,19,김승권,삼성,0.179,59,92,84,6,15,3,0,1,21,14,0,4,19,김승권,삼성,0.179,3,0,1,22,1,0.250,0.207,0.457,3,0.217,0.136,19.0,김승권,삼성,0.179,4.0,26.0,25.0,1.04,0.0,0.14,3.38,0.071,5.2,0.156,2002
19,20,이준민,삼성,0.143,8,8,7,0,1,0,0,0,1,0,0,0,20,이준민,삼성,0.143,1,0,0,4,0,0.143,0.250,0.393,0,0.0,0.143,20.0,이준민,삼성,0.143,0.0,1.0,1.0,1.00,0.0,0.25,4.00,0.000,0.3,0.148,2002
20,21,강영식,삼성,-,1,0,0,0,0,0,0,0,0,0,0,0,21,강영식,삼성,-,0,0,0,0,0,-,-,-,0,0.0,0.0,21.0,강영식,삼성,-,0.0,0.0,0.0,-,0.0,-,-,-,0.0,0.0,2002
21,21,권혁,삼성,-,1,0,0,0,0,0,0,0,0,0,0,0,21,권혁,삼성,-,0,0,0,0,0,-,-,-,0,0.0,0.0,21.0,권혁,삼성,-,0.0,0.0,0.0,-,0.0,-,-,-,0.0,0.0,2002
22,21,김수관,삼성,-,1,0,0,0,0,0,0,0,0,0,0,0,21,김수관,삼성,-,0,0,0,0,0,-,-,-,0,0.0,0.0,21.0,김수관,삼성,-,0.0,0.0,0.0,-,0.0,-,-,-,0.0,0.0,2002
23,21,김진웅,삼성,-,1,0,0,0,0,0,0,0,0,0,0,0,21,김진웅,삼성,-,0,0,0,0,0,-,-,-,0,0.0,0.0,21.0,김진웅,삼성,-,0.0,0.0,0.0,-,0.0,-,-,-,0.0,0.0,2002
24,21,노병오,삼성,-,1,0,0,0,0,0,0,0,0,0,0,0,21,노병오,삼성,-,0,0,0,0,0,-,-,-,0,0.0,0.0,21.0,노병오,삼성,-,0.0,0.0,0.0,-,0.0,-,-,-,0.0,0.0,2002
25,21,노장진,삼성,-,3,0,0,0,0,0,0,0,0,0,0,0,21,노장진,삼성,-,0,0,0,0,0,-,-,-,0,0.0,0.0,21.0,노장진,삼성,-,0.0,0.0,0.0,-,0.0,-,-,-,0.0,0.0,2002
26,21,라형진,삼성,-,1,0,0,0,0,0,0,0,0,0,0,0,21,라형진,삼성,-,0,0,0,0,0,-,-,-,0,0.0,0.0,21.0,라형진,삼성,-,0.0,0.0,0.0,-,0.0,-,-,-,0.0,0.0,2002
27,21,박봉수,삼성,0.000,8,7,6,0,0,0,0,0,0,0,0,0,21,박봉수,삼성,0.000,1,0,0,0,0,0.000,0.143,0.143,0,0.0,0.0,21.0,박봉수,삼성,0.000,0.0,3.0,3.0,1.00,0.0,-,4.29,0.000,-0.2,0.064,2002
28,21,손주인,삼성,-,1,0,0,0,0,0,0,0,0,0,0,0,21,손주인,삼성,-,0,0,0,0,0,-,-,-,0,0.0,0.0,21.0,손주인,삼성,-,0.0,0.0,0.0,-,0.0,-,-,-,0.0,0.0,2002
29,21,오상민,삼성,-,1,0,0,0,0,0,0,0,0,0,0,0,21,오상민,삼성,-,0,0,0,0,0,-,-,-,0,0.0,0.0,21.0,오상민,삼성,-,0.0,0.0,0.0,-,0.0,-,-,-,0.0,0.0,2002
0,1,최형우,삼성,0.400,4,6,5,0,2,2,0,0,4,0,1,0,1,최형우,삼성,0.400,0,0,0,0,0,0.800,0.400,1.200,0,0.0,0.0,21.0,이태호,삼성,0.000,0.0,1.0,0.0,-,0.0,0.00,3.71,0.000,-0.5,0.0,2002
1,2,마해영,삼성,0.323,133,596,532,92,172,40,2,33,315,116,0,6,2,마해영,삼성,0.323,46,5,12,74,14,0.592,0.386,0.978,53,0.313,0.0,21.0,임창용,삼성,-,0.0,0.0,0.0,-,0.0,-,-,-,0.0,0.0,2002
2,3,이승엽,삼성,0.323,133,617,511,123,165,42,2,47,352,126,0,2,3,이승엽,삼성,0.323,89,5,15,109,11,0.689,0.436,1.125,47,0.331,0.0,21.0,장성국,삼성,0.000,0.0,2.0,3.0,0.67,0.0,0.00,3.88,0.000,-0.7,0.0,2002
3,4,김한수,삼성,0.311,127,541,486,69,151,23,1,17,227,76,2,4,4,김한수,삼성,0.311,35,2,14,61,15,0.467,0.371,0.838,44,0.287,0.0,,,,,,,,,,,,,,,2002
4,5,강동우,삼성,0.288,130,521,466,75,134,23,3,9,190,49,7,1,5,강동우,삼성,0.288,46,0,1,76,9,0.408,0.352,0.760,36,0.33,0.0,,,,,,,,,,,,,,,2002
5,6,조동찬,삼성,0.286,5,7,7,2,2,0,0,1,5,1,0,0,6,조동찬,삼성,0.286,0,0,0,2,0,0.714,0.286,1.000,1,0.0,0.0,,,,,,,,,,,,,,,2002
6,7,브리또,삼성,0.283,128,545,481,89,136,29,0,25,240,90,4,4,7,브리또,삼성,0.283,35,3,21,84,10,0.499,0.355,0.854,40,0.286,0.0,,,,,,,,,,,,,,,2002
7,8,진갑용,삼성,0.281,133,517,462,58,130,29,1,18,215,86,1,5,8,진갑용,삼성,0.281,41,4,8,56,13,0.465,0.347,0.812,34,0.358,0.0,,,,,,,,,,,,,,,2002
8,9,김종훈,삼성,0.280,105,229,193,29,54,10,1,3,75,22,6,1,9,김종훈,삼성,0.280,26,1,3,43,7,0.389,0.372,0.761,13,0.275,0.205,,,,,,,,,,,,,,,2002
9,10,양준혁,삼성,0.276,132,437,391,60,108,23,2,14,177,50,0,1,10,양준혁,삼성,0.276,39,3,5,56,9,0.453,0.349,0.802,27,0.237,0.214,,,,,,,,,,,,,,,2002
10,11,박한이,삼성,0.272,133,586,504,89,137,24,2,10,195,47,14,2,11,박한이,삼성,0.272,60,3,6,79,15,0.387,0.355,0.742,39,0.242,0.0,,,,,,,,,,,,,,,2002
11,12,장영균,삼성,0.250,5,6,4,1,1,1,0,0,2,0,0,0,12,장영균,삼성,0.250,1,0,1,1,0,0.500,0.500,1.000,0,0.0,0.0,,,,,,,,,,,,,,,2002
12,13,박정환,삼성,0.234,119,372,316,49,74,12,2,9,117,36,13,2,13,박정환,삼성,0.234,35,0,6,79,9,0.370,0.320,0.690,14,0.133,0.5,,,,,,,,,,,,,,,2002
13,14,현재윤,삼성,0.227,20,22,22,2,5,0,0,1,8,2,0,0,14,현재윤,삼성,0.227,0,0,0,5,2,0.364,0.227,0.591,1,0.0,0.2,,,,,,,,,,,,,,,2002
14,15,김재걸,삼성,0.207,83,106,92,17,19,1,0,2,26,10,4,2,15,김재걸,삼성,0.207,8,0,0,26,0,0.283,0.265,0.548,5,0.12,0.0,,,,,,,,,,,,,,,2002
15,16,하춘동,삼성,0.200,15,10,10,2,2,0,0,0,2,2,0,0,16,하춘동,삼성,0.200,0,0,0,6,0,0.200,0.200,0.400,0,0.333,0.25,,,,,,,,,,,,,,,2002
16,17,임재철,삼성,0.194,104,82,72,13,14,4,0,1,21,4,2,0,17,임재철,삼성,0.194,3,0,5,19,1,0.292,0.275,0.567,2,0.214,0.333,,,,,,,,,,,,,,,2002
17,18,김승관,삼성,0.182,12,12,11,1,2,0,0,0,2,0,0,0,18,김승관,삼성,0.182,0,0,1,4,0,0.182,0.250,0.432,0,0.0,0.182,,,,,,,,,,,,,,,2002
18,19,김승권,삼성,0.179,59,92,84,6,15,3,0,1,21,14,0,4,19,김승권,삼성,0.179,3,0,1,22,1,0.250,0.207,0.457,3,0.217,0.136,,,,,,,,,,,,,,,2002
19,20,이준민,삼성,0.143,8,8,7,0,1,0,0,0,1,0,0,0,20,이준민,삼성,0.143,1,0,0,4,0,0.143,0.250,0.393,0,0.0,0.143,,,,,,,,,,,,,,,2002
20,21,강영식,삼성,-,1,0,0,0,0,0,0,0,0,0,0,0,21,강영식,삼성,-,0,0,0,0,0,-,-,-,0,0.0,0.0,,,,,,,,,,,,,,,2002
21,21,권혁,삼성,-,1,0,0,0,0,0,0,0,0,0,0,0,21,권혁,삼성,-,0,0,0,0,0,-,-,-,0,0.0,0.0,,,,,,,,,,,,,,,2002
22,21,김수관,삼성,-,1,0,0,0,0,0,0,0,0,0,0,0,21,김수관,삼성,-,0,0,0,0,0,-,-,-,0,0.0,0.0,,,,,,,,,,,,,,,2002
23,21,김진웅,삼성,-,1,0,0,0,0,0,0,0,0,0,0,0,21,김진웅,삼성,-,0,0,0,0,0,-,-,-,0,0.0,0.0,,,,,,,,,,,,,,,2002
24,21,노병오,삼성,-,1,0,0,0,0,0,0,0,0,0,0,0,21,노병오,삼성,-,0,0,0,0,0,-,-,-,0,0.0,0.0,,,,,,,,,,,,,,,2002
25,21,노장진,삼성,-,3,0,0,0,0,0,0,0,0,0,0,0,21,노장진,삼성,-,0,0,0,0,0,-,-,-,0,0.0,0.0,,,,,,,,,,,,,,,2002
26,21,라형진,삼성,-,1,0,0,0,0,0,0,0,0,0,0,0,21,라형진,삼성,-,0,0,0,0,0,-,-,-,0,0.0,0.0,,,,,,,,,,,,,,,2002
27,21,박봉수,삼성,0.000,8,7,6,0,0,0,0,0,0,0,0,0,21,박봉수,삼성,0.000,1,0,0,0,0,0.000,0.143,0.143,0,0.0,0.0,,,,,,,,,,,,,,,2002
28,21,손주인,삼성,-,1,0,0,0,0,0,0,0,0,0,0,0,21,손주인,삼성,-,0,0,0,0,0,-,-,-,0,0.0,0.0,,,,,,,,,,,,,,,2002
29,21,오상민,삼성,-,1,0,0,0,0,0,0,0,0,0,0,0,21,오상민,삼성,-,0,0,0,0,0,-,-,-,0,0.0,0.0,,,,,,,,,,,,,,,2002
0,1,김재현,LG,0.334,98,370,296,50,99,14,0,16,161,61,0,2,1,김재현,LG,0.334,54,5,18,51,6,0.544,0.462,1.006,26,0.319,0.4,1.0,김재현,LG,0.334,30.0,88.0,60.0,1.47,0.0,1.06,4.18,0.209,73.1,0.344,2002
1,2,김상현,LG,0.313,31,42,32,7,10,0,1,1,15,6,0,0,2,김상현,LG,0.313,7,1,3,18,0,0.469,0.476,0.945,2,0.333,0.4,2.0,김상현,LG,0.313,2.0,3.0,1.0,3.00,0.0,0.39,4.33,0.156,7.7,0.331,2002
2,3,류지현,LG,0.310,91,386,326,51,101,14,3,1,124,25,16,4,3,류지현,LG,0.310,38,0,2,51,3,0.380,0.381,0.761,30,0.266,0.0,3.0,류지현,LG,0.310,18.0,91.0,87.0,1.05,0.0,0.75,3.99,0.071,51.0,0.266,2002
3,4,이병규,LG,0.293,109,444,389,54,114,25,0,12,175,43,1,2,4,이병규,LG,0.293,50,12,2,57,6,0.450,0.375,0.825,30,0.253,0.0,4.0,이병규,LG,0.293,37.0,135.0,85.0,1.59,0.0,0.88,3.72,0.157,63.4,0.281,2002
4,5,박용택,LG,0.288,112,424,375,68,108,28,6,9,175,55,1,4,5,박용택,LG,0.288,38,1,6,109,11,0.467,0.359,0.826,31,0.317,0.5,5.0,박용택,LG,0.288,43.0,95.0,67.0,1.42,0.0,0.35,4.05,0.179,61.3,0.278,2002
5,6,서용빈,LG,0.286,88,301,273,35,78,16,1,3,105,27,2,1,6,서용빈,LG,0.286,25,1,0,49,6,0.385,0.344,0.729,20,0.271,0.0,6.0,서용빈,LG,0.286,20.0,95.0,52.0,1.83,0.0,0.51,3.80,0.099,34.0,0.251,2002
6,7,마르티네스,LG,0.279,109,468,409,59,114,19,1,15,180,69,0,6,7,마르티네스,LG,0.279,49,7,4,70,5,0.440,0.357,0.797,34,0.301,0.0,7.0,마르티네스,LG,0.279,35.0,95.0,136.0,0.70,0.0,0.70,4.04,0.161,66.6,0.271,2002
7,8,조인성,LG,0.268,124,391,362,36,97,21,2,9,149,48,5,5,8,조인성,LG,0.268,14,0,5,82,11,0.412,0.301,0.713,20,0.274,0.0,8.0,조인성,LG,0.268,32.0,84.0,104.0,0.81,0.0,0.17,3.56,0.144,43.1,0.238,2002
8,9,이종열,LG,0.267,95,400,348,51,93,16,3,7,136,44,13,1,9,이종열,LG,0.267,28,0,10,50,6,0.391,0.339,0.730,26,0.31,0.0,9.0,이종열,LG,0.267,26.0,111.0,95.0,1.17,0.0,0.56,3.70,0.124,46.8,0.25,2002
9,10,최만호,LG,0.248,93,158,129,23,32,4,2,2,46,12,10,0,10,최만호,LG,0.248,13,0,6,31,1,0.357,0.345,0.702,6,0.25,0.2,10.0,최만호,LG,0.248,8.0,29.0,37.0,0.78,0.0,0.42,3.57,0.109,17.0,0.245,2002
10,11,이일의,LG,0.246,72,137,122,13,30,5,0,1,38,8,1,1,11,이일의,LG,0.246,10,0,2,28,5,0.311,0.311,0.622,2,0.138,0.325,11.0,이일의,LG,0.246,6.0,43.0,22.0,1.95,0.0,0.36,4.26,0.066,10.9,0.218,2002
11,12,안상준,LG,0.245,41,59,49,7,12,1,0,0,13,3,1,0,12,안상준,LG,0.245,6,0,3,13,2,0.265,0.362,0.627,2,0.273,0.0,12.0,안상준,LG,0.245,1.0,15.0,9.0,1.67,0.0,0.46,3.86,0.020,4.8,0.229,2002
12,13,최동수,LG,0.243,106,300,268,28,65,13,0,4,90,31,3,3,13,최동수,LG,0.243,26,2,0,59,6,0.336,0.306,0.642,17,0.25,0.259,13.0,최동수,LG,0.243,17.0,72.0,75.0,0.96,0.0,0.44,3.81,0.093,28.3,0.222,2002
13,14,장재중,LG,0.222,69,120,108,13,24,2,1,2,34,7,3,0,14,장재중,LG,0.222,8,0,1,18,1,0.315,0.282,0.597,6,0.115,0.0,14.0,장재중,LG,0.222,5.0,34.0,32.0,1.06,0.0,0.44,3.88,0.093,10.5,0.206,2002
14,15,권용관,LG,0.218,125,327,294,28,64,13,1,4,91,32,16,2,15,권용관,LG,0.218,10,0,5,89,5,0.310,0.254,0.564,12,0.211,0.0,15.0,권용관,LG,0.218,18.0,69.0,74.0,0.93,0.0,0.11,3.64,0.092,23.1,0.192,2002
15,16,김정민,LG,0.216,32,39,37,3,8,3,0,0,11,4,0,0,16,김정민,LG,0.216,2,0,0,13,1,0.297,0.256,0.553,2,0.357,0.231,16.0,김정민,LG,0.216,3.0,10.0,6.0,1.67,0.0,0.15,4.64,0.081,2.3,0.189,2002
16,17,심성보,LG,0.215,72,166,149,13,32,4,1,3,47,13,3,0,17,심성보,LG,0.215,13,0,1,34,1,0.315,0.282,0.597,6,0.136,0.071,17.0,심성보,LG,0.215,8.0,43.0,40.0,1.08,0.0,0.38,3.91,0.101,14.3,0.206,2002
17,18,손지환,LG,0.214,111,330,290,25,62,9,0,5,86,24,14,2,18,손지환,LG,0.214,14,0,10,51,8,0.297,0.272,0.569,14,0.175,0.0,18.0,손지환,LG,0.214,14.0,96.0,83.0,1.16,0.0,0.27,3.57,0.083,23.5,0.197,2002
18,19,김우석,LG,0.200,43,31,30,5,6,0,1,0,8,3,0,0,19,김우석,LG,0.200,0,0,1,11,2,0.267,0.226,0.493,0,0.25,0.0,19.0,김우석,LG,0.200,1.0,10.0,3.0,3.33,0.0,0.00,3.84,0.067,0.6,0.168,2002
19,19,추승우,LG,0.200,6,10,10,1,2,0,0,0,2,0,0,0,19,추승우,LG,0.200,0,0,0,2,1,0.200,0.200,0.400,1,0.0,0.0,19.0,추승우,LG,0.200,0.0,4.0,2.0,2.00,0.0,0.00,3.10,0.000,-0.1,0.14,2002
20,21,박연수,LG,0.198,60,94,81,15,16,1,0,5,32,18,1,2,21,박연수,LG,0.198,7,1,3,35,1,0.395,0.280,0.675,3,0.294,0.115,21.0,박연수,LG,0.198,6.0,17.0,15.0,1.13,0.0,0.20,4.00,0.198,11.1,0.225,2002
21,22,김현민,LG,0.167,16,18,18,1,3,1,0,1,7,3,0,0,22,김현민,LG,0.167,0,0,0,7,1,0.389,0.167,0.556,0,0.333,0.231,22.0,김현민,LG,0.167,2.0,7.0,1.0,7.00,0.0,0.00,4.28,0.222,0.9,0.172,2002
22,23,김재학,LG,0.154,12,14,13,1,2,0,0,0,2,1,0,0,23,김재학,LG,0.154,0,0,1,3,1,0.154,0.214,0.368,0,0.25,0.125,23.0,김재학,LG,0.154,0.0,4.0,4.0,1.00,0.0,0.00,3.36,0.000,0.0,0.135,2002
23,24,김용우,LG,0.143,9,8,7,0,1,0,0,0,1,0,0,0,24,김용우,LG,0.143,0,0,1,3,0,0.143,0.250,0.393,0,0.0,0.167,24.0,김용우,LG,0.143,0.0,2.0,1.0,2.00,0.0,0.00,5.00,0.000,0.3,0.148,2002
24,25,홍현우,LG,0.118,25,76,68,3,8,3,0,1,14,8,1,2,25,홍현우,LG,0.118,3,0,2,16,1,0.206,0.173,0.379,1,0.158,0.167,25.0,홍현우,LG,0.118,4.0,29.0,17.0,1.71,0.0,0.19,3.70,0.088,1.9,0.129,2002
25,26,경헌호,LG,0.000,3,1,1,0,0,0,0,0,0,0,0,0,26,경헌호,LG,0.000,0,0,0,1,0,0.000,0.000,0.000,0,0.0,0.0,26.0,경헌호,LG,0.000,0.0,0.0,0.0,-,0.0,0.00,3.00,0.000,-0.1,0.0,2002
26,26,만자니오,LG,-,1,0,0,0,0,0,0,0,0,0,0,0,26,만자니오,LG,-,0,0,0,0,0,-,-,-,0,0.0,0.0,26.0,만자니오,LG,-,0.0,0.0,0.0,-,0.0,-,-,-,0.0,0.0,2002
27,26,서승화,LG,-,2,0,0,0,0,0,0,0,0,0,0,0,26,서승화,LG,-,0,0,0,0,0,-,-,-,0,0.0,0.0,26.0,서승화,LG,-,0.0,0.0,0.0,-,0.0,-,-,-,0.0,0.0,2002
28,26,신윤호,LG,-,2,0,0,0,0,0,0,0,0,0,0,0,26,신윤호,LG,-,0,0,0,0,0,-,-,-,0,0.0,0.0,26.0,신윤호,LG,-,0.0,0.0,0.0,-,0.0,-,-,-,0.0,0.0,2002
29,26,안치용,LG,0.000,1,2,2,0,0,0,0,0,0,0,0,0,26,안치용,LG,0.000,0,0,0,1,0,0.000,0.000,0.000,0,0.0,0.0,26.0,안치용,LG,0.000,0.0,1.0,0.0,-,0.0,0.00,4.00,0.000,-0.2,0.0,2002
0,1,김재현,LG,0.334,98,370,296,50,99,14,0,16,161,61,0,2,1,김재현,LG,0.334,54,5,18,51,6,0.544,0.462,1.006,26,0.319,0.4,26.0,류택현,LG,-,0.0,0.0,0.0,-,0.0,-,-,-,0.0,0.0,2002
1,2,김상현,LG,0.313,31,42,32,7,10,0,1,1,15,6,0,0,2,김상현,LG,0.313,7,1,3,18,0,0.469,0.476,0.945,2,0.333,0.4,26.0,윤현식,LG,0.000,0.0,3.0,5.0,0.60,0.0,0.00,3.50,0.000,-0.8,0.0,2002
2,3,류지현,LG,0.310,91,386,326,51,101,14,3,1,124,25,16,4,3,류지현,LG,0.310,38,0,2,51,3,0.380,0.381,0.761,30,0.266,0.0,26.0,이광우,LG,-,0.0,0.0,0.0,-,0.0,-,-,-,0.0,0.0,2002
3,4,이병규,LG,0.293,109,444,389,54,114,25,0,12,175,43,1,2,4,이병규,LG,0.293,50,12,2,57,6,0.450,0.375,0.825,30,0.253,0.0,26.0,이동현,LG,-,0.0,0.0,0.0,-,0.0,-,-,-,0.0,0.0,2002
4,5,박용택,LG,0.288,112,424,375,68,108,28,6,9,175,55,1,4,5,박용택,LG,0.288,38,1,6,109,11,0.467,0.359,0.826,31,0.317,0.5,26.0,이상훈,LG,0.000,0.0,0.0,0.0,-,0.0,0.00,7.00,0.000,-0.1,0.0,2002
5,6,서용빈,LG,0.286,88,301,273,35,78,16,1,3,105,27,2,1,6,서용빈,LG,0.286,25,1,0,49,6,0.385,0.344,0.729,20,0.271,0.0,26.0,최창호,LG,-,0.0,0.0,0.0,-,0.0,-,-,-,0.0,0.0,2002
6,7,마르티네스,LG,0.279,109,468,409,59,114,19,1,15,180,69,0,6,7,마르티네스,LG,0.279,49,7,4,70,5,0.440,0.357,0.797,34,0.301,0.0,26.0,케펜,LG,-,0.0,0.0,0.0,-,0.0,-,-,-,0.0,0.0,2002
7,8,조인성,LG,0.268,124,391,362,36,97,21,2,9,149,48,5,5,8,조인성,LG,0.268,14,0,5,82,11,0.412,0.301,0.713,20,0.274,0.0,26.0,퀸란,LG,0.000,0.0,5.0,6.0,0.83,0.0,0.30,4.04,0.000,0.1,0.1,2002
8,9,이종열,LG,0.267,95,400,348,51,93,16,3,7,136,44,13,1,9,이종열,LG,0.267,28,0,10,50,6,0.391,0.339,0.730,26,0.31,0.0,,,,,,,,,,,,,,,2002
9,10,최만호,LG,0.248,93,158,129,23,32,4,2,2,46,12,10,0,10,최만호,LG,0.248,13,0,6,31,1,0.357,0.345,0.702,6,0.25,0.2,,,,,,,,,,,,,,,2002
10,11,이일의,LG,0.246,72,137,122,13,30,5,0,1,38,8,1,1,11,이일의,LG,0.246,10,0,2,28,5,0.311,0.311,0.622,2,0.138,0.325,,,,,,,,,,,,,,,2002
11,12,안상준,LG,0.245,41,59,49,7,12,1,0,0,13,3,1,0,12,안상준,LG,0.245,6,0,3,13,2,0.265,0.362,0.627,2,0.273,0.0,,,,,,,,,,,,,,,2002
12,13,최동수,LG,0.243,106,300,268,28,65,13,0,4,90,31,3,3,13,최동수,LG,0.243,26,2,0,59,6,0.336,0.306,0.642,17,0.25,0.259,,,,,,,,,,,,,,,2002
13,14,장재중,LG,0.222,69,120,108,13,24,2,1,2,34,7,3,0,14,장재중,LG,0.222,8,0,1,18,1,0.315,0.282,0.597,6,0.115,0.0,,,,,,,,,,,,,,,2002
14,15,권용관,LG,0.218,125,327,294,28,64,13,1,4,91,32,16,2,15,권용관,LG,0.218,10,0,5,89,5,0.310,0.254,0.564,12,0.211,0.0,,,,,,,,,,,,,,,2002
15,16,김정민,LG,0.216,32,39,37,3,8,3,0,0,11,4,0,0,16,김정민,LG,0.216,2,0,0,13,1,0.297,0.256,0.553,2,0.357,0.231,,,,,,,,,,,,,,,2002
16,17,심성보,LG,0.215,72,166,149,13,32,4,1,3,47,13,3,0,17,심성보,LG,0.215,13,0,1,34,1,0.315,0.282,0.597,6,0.136,0.071,,,,,,,,,,,,,,,2002
17,18,손지환,LG,0.214,111,330,290,25,62,9,0,5,86,24,14,2,18,손지환,LG,0.214,14,0,10,51,8,0.297,0.272,0.569,14,0.175,0.0,,,,,,,,,,,,,,,2002
18,19,김우석,LG,0.200,43,31,30,5,6,0,1,0,8,3,0,0,19,김우석,LG,0.200,0,0,1,11,2,0.267,0.226,0.493,0,0.25,0.0,,,,,,,,,,,,,,,2002
19,19,추승우,LG,0.200,6,10,10,1,2,0,0,0,2,0,0,0,19,추승우,LG,0.200,0,0,0,2,1,0.200,0.200,0.400,1,0.0,0.0,,,,,,,,,,,,,,,2002
20,21,박연수,LG,0.198,60,94,81,15,16,1,0,5,32,18,1,2,21,박연수,LG,0.198,7,1,3,35,1,0.395,0.280,0.675,3,0.294,0.115,,,,,,,,,,,,,,,2002
21,22,김현민,LG,0.167,16,18,18,1,3,1,0,1,7,3,0,0,22,김현민,LG,0.167,0,0,0,7,1,0.389,0.167,0.556,0,0.333,0.231,,,,,,,,,,,,,,,2002
22,23,김재학,LG,0.154,12,14,13,1,2,0,0,0,2,1,0,0,23,김재학,LG,0.154,0,0,1,3,1,0.154,0.214,0.368,0,0.25,0.125,,,,,,,,,,,,,,,2002
23,24,김용우,LG,0.143,9,8,7,0,1,0,0,0,1,0,0,0,24,김용우,LG,0.143,0,0,1,3,0,0.143,0.250,0.393,0,0.0,0.167,,,,,,,,,,,,,,,2002
24,25,홍현우,LG,0.118,25,76,68,3,8,3,0,1,14,8,1,2,25,홍현우,LG,0.118,3,0,2,16,1,0.206,0.173,0.379,1,0.158,0.167,,,,,,,,,,,,,,,2002
25,26,경헌호,LG,0.000,3,1,1,0,0,0,0,0,0,0,0,0,26,경헌호,LG,0.000,0,0,0,1,0,0.000,0.000,0.000,0,0.0,0.0,,,,,,,,,,,,,,,2002
26,26,만자니오,LG,-,1,0,0,0,0,0,0,0,0,0,0,0,26,만자니오,LG,-,0,0,0,0,0,-,-,-,0,0.0,0.0,,,,,,,,,,,,,,,2002
27,26,서승화,LG,-,2,0,0,0,0,0,0,0,0,0,0,0,26,서승화,LG,-,0,0,0,0,0,-,-,-,0,0.0,0.0,,,,,,,,,,,,,,,2002
28,26,신윤호,LG,-,2,0,0,0,0,0,0,0,0,0,0,0,26,신윤호,LG,-,0,0,0,0,0,-,-,-,0,0.0,0.0,,,,,,,,,,,,,,,2002
29,26,안치용,LG,0.000,1,2,2,0,0,0,0,0,0,0,0,0,26,안치용,LG,0.000,0,0,0,1,0,0.000,0.000,0.000,0,0.0,0.0,,,,,,,,,,,,,,,2002
0,1,장성호,KIA,0.343,133,586,481,82,165,29,0,19,251,95,2,8,1,장성호,KIA,0.343,86,14,9,53,15,0.522,0.445,0.967,48,0.365,0.0,1.0,장성호,KIA,0.343,48.0,146.0,125.0,1.17,0.0,1.62,3.92,0.179,106.7,0.331,2002
1,2,황성기,KIA,0.333,2,3,3,0,1,0,0,0,1,0,0,0,2,황성기,KIA,0.333,0,0,0,1,0,0.333,0.333,0.666,0,0.0,0.0,2.0,황성기,KIA,0.333,0.0,0.0,1.0,0.00,0.0,0.00,5.00,0.000,0.3,0.233,2002
2,3,정성훈,KIA,0.312,114,385,340,65,106,19,3,9,158,39,5,3,3,정성훈,KIA,0.312,28,2,9,42,9,0.465,0.376,0.841,27,0.26,0.0,3.0,정성훈,KIA,0.312,31.0,114.0,81.0,1.41,0.0,0.67,3.82,0.153,57.8,0.285,2002
3,4,신동주,KIA,0.311,81,273,244,34,76,9,1,7,108,33,0,2,4,신동주,KIA,0.311,24,2,3,59,8,0.443,0.377,0.820,25,0.277,0.308,4.0,신동주,KIA,0.311,17.0,50.0,61.0,0.82,0.0,0.41,4.00,0.131,38.7,0.28,2002
4,5,이종범,KIA,0.293,123,546,485,93,142,25,2,18,225,59,4,1,5,이종범,KIA,0.293,43,5,13,63,7,0.464,0.365,0.829,41,0.337,0.0,5.0,이종범,KIA,0.293,45.0,138.0,143.0,0.97,0.0,0.68,3.73,0.171,84.4,0.28,2002
5,6,김종국,KIA,0.287,133,595,527,95,151,26,3,8,207,53,3,1,6,김종국,KIA,0.287,61,0,3,116,5,0.393,0.363,0.756,41,0.298,1.0,6.0,김종국,KIA,0.287,37.0,150.0,111.0,1.35,0.0,0.53,3.85,0.106,82.1,0.262,2002
6,7,김경언,KIA,0.263,107,323,274,45,72,16,1,1,93,33,1,1,7,김경언,KIA,0.263,45,0,2,66,1,0.339,0.370,0.709,17,0.316,0.0,7.0,김경언,KIA,0.263,18.0,73.0,64.0,1.14,0.0,0.68,4.06,0.077,39.0,0.251,2002
7,8,김민철,KIA,0.261,58,53,46,9,12,1,0,0,13,3,2,0,8,김민철,KIA,0.261,4,0,1,10,0,0.283,0.333,0.616,1,0.357,0.25,8.0,김민철,KIA,0.261,1.0,13.0,11.0,1.18,0.0,0.40,3.64,0.022,4.5,0.221,2002
8,9,홍세완,KIA,0.257,111,449,401,43,103,21,0,12,160,69,8,4,9,홍세완,KIA,0.257,30,2,6,68,10,0.399,0.315,0.714,25,0.265,0.0,9.0,홍세완,KIA,0.257,33.0,127.0,107.0,1.19,0.0,0.44,3.85,0.142,49.9,0.242,2002
9,10,이현곤,KIA,0.257,52,122,113,11,29,7,1,3,47,12,0,0,10,이현곤,KIA,0.257,8,0,1,25,4,0.416,0.311,0.727,5,0.259,0.667,10.0,이현곤,KIA,0.257,11.0,35.0,24.0,1.46,0.0,0.32,3.99,0.159,13.8,0.244,2002
10,11,펨버튼,KIA,0.255,75,316,271,28,69,13,1,11,117,48,0,3,11,펨버튼,KIA,0.255,23,3,19,56,6,0.432,0.351,0.783,22,0.226,0.0,11.0,펨버튼,KIA,0.255,25.0,64.0,85.0,0.75,0.0,0.41,3.41,0.177,42.6,0.266,2002
11,12,오우진,KIA,0.250,14,17,16,0,4,0,0,0,4,2,0,0,12,오우진,KIA,0.250,0,0,1,6,1,0.250,0.294,0.544,0,0.167,0.444,12.0,오우진,KIA,0.250,0.0,4.0,2.0,2.00,0.0,0.00,3.65,0.000,0.8,0.195,2002
12,12,장일현,KIA,0.250,81,145,132,11,33,8,0,3,50,19,1,0,12,장일현,KIA,0.250,11,0,1,24,3,0.379,0.313,0.692,4,0.239,0.3,12.0,장일현,KIA,0.250,11.0,41.0,34.0,1.21,0.0,0.46,4.03,0.129,15.2,0.236,2002
13,14,김인철,KIA,0.235,37,53,51,5,12,4,0,1,19,6,1,0,14,김인철,KIA,0.235,0,0,1,16,0,0.373,0.250,0.623,2,0.25,0.25,14.0,김인철,KIA,0.235,5.0,12.0,11.0,1.09,0.0,0.00,3.92,0.137,4.7,0.206,2002
14,15,김지훈,KIA,0.229,49,52,48,6,11,1,0,3,21,9,2,0,15,김지훈,KIA,0.229,1,0,1,14,4,0.438,0.260,0.698,2,0.333,0.5,15.0,김지훈,KIA,0.229,4.0,12.0,11.0,1.09,0.0,0.07,3.87,0.208,4.4,0.227,2002
15,15,이동수,KIA,0.229,28,56,48,3,11,1,0,0,12,8,0,0,15,이동수,KIA,0.229,2,0,6,16,1,0.250,0.339,0.589,1,0.368,0.154,15.0,이동수,KIA,0.229,1.0,11.0,10.0,1.10,0.0,0.13,4.00,0.021,4.6,0.215,2002
16,17,김태룡,KIA,0.227,66,105,97,12,22,6,0,2,34,8,0,2,17,김태룡,KIA,0.227,5,0,1,26,1,0.351,0.267,0.618,3,0.138,0.25,17.0,김태룡,KIA,0.227,8.0,24.0,27.0,0.89,0.0,0.19,3.89,0.124,9.3,0.208,2002
17,18,장정석,KIA,0.225,75,116,102,11,23,5,0,1,31,7,4,1,18,장정석,KIA,0.225,8,2,1,17,1,0.304,0.286,0.590,3,0.1,0.063,18.0,장정석,KIA,0.225,6.0,39.0,24.0,1.63,0.0,0.47,3.80,0.078,9.6,0.205,2002
18,19,김상훈,KIA,0.221,113,391,357,36,79,12,0,7,112,41,8,3,19,김상훈,KIA,0.221,18,0,5,67,11,0.314,0.266,0.580,16,0.202,0.0,19.0,김상훈,KIA,0.221,19.0,128.0,86.0,1.49,0.0,0.27,3.64,0.092,28.6,0.198,2002
19,20,김창희,KIA,0.216,114,350,310,28,67,12,0,5,94,35,4,5,20,김창희,KIA,0.216,27,0,4,79,15,0.303,0.283,0.586,14,0.26,0.222,20.0,김창희,KIA,0.216,17.0,106.0,63.0,1.68,0.0,0.34,3.86,0.087,26.1,0.203,2002
20,21,조민철,KIA,0.214,12,16,14,1,3,0,0,0,3,2,0,0,21,조민철,KIA,0.214,1,0,1,5,0,0.214,0.313,0.527,0,0.5,0.25,21.0,조민철,KIA,0.214,0.0,4.0,2.0,2.00,0.0,0.20,3.44,0.000,1.2,0.194,2002
21,22,뉴선,KIA,0.209,35,133,115,15,24,5,0,7,50,17,0,1,22,뉴선,KIA,0.209,17,1,0,38,3,0.435,0.308,0.743,4,0.132,0.0,22.0,뉴선,KIA,0.209,12.0,28.0,26.0,1.08,0.0,0.45,4.02,0.226,16.4,0.247,2002
22,23,이재주,KIA,0.152,26,37,33,2,5,0,0,2,11,5,1,0,23,이재주,KIA,0.152,3,0,0,16,1,0.333,0.222,0.555,0,0.091,0.333,23.0,이재주,KIA,0.152,2.0,6.0,6.0,1.00,0.0,0.19,4.16,0.182,2.4,0.183,2002
23,24,김지영,KIA,0.136,11,23,22,1,3,0,0,0,3,1,0,0,24,김지영,KIA,0.136,1,0,0,5,1,0.136,0.174,0.310,0,0.143,0.0,24.0,김지영,KIA,0.136,0.0,9.0,5.0,1.80,0.0,0.20,4.30,0.000,-0.3,0.112,2002
24,25,이대진,KIA,0.083,23,38,36,2,3,1,1,0,6,4,0,0,25,이대진,KIA,0.083,2,0,0,18,0,0.167,0.132,0.299,0,0.182,0.1,25.0,이대진,KIA,0.083,2.0,8.0,7.0,1.14,0.0,0.11,4.47,0.083,-0.2,0.101,2002
25,26,박충식,KIA,-,1,0,0,0,0,0,0,0,0,0,0,0,26,박충식,KIA,-,0,0,0,0,0,-,-,-,0,0.0,0.0,26.0,박충식,KIA,-,0.0,0.0,0.0,-,0.0,-,-,-,0.0,0.0,2002
26,26,방동민,KIA,-,1,0,0,0,0,0,0,0,0,0,0,0,26,방동민,KIA,-,0,0,0,0,0,-,-,-,0,0.0,0.0,26.0,방동민,KIA,-,0.0,0.0,0.0,-,0.0,-,-,-,0.0,0.0,2002
27,26,심제훈,KIA,0.000,4,2,2,1,0,0,0,0,0,0,0,0,26,심제훈,KIA,0.000,0,0,0,0,0,0.000,0.000,0.000,0,0.0,0.0,26.0,심제훈,KIA,0.000,0.0,2.0,0.0,-,0.0,-,3.00,0.000,0.0,0.0,2002
28,26,이강철,KIA,-,2,0,0,0,0,0,0,0,0,0,0,0,26,이강철,KIA,-,0,0,0,0,0,-,-,-,0,0.0,0.0,26.0,이강철,KIA,-,0.0,0.0,0.0,-,0.0,-,-,-,0.0,0.0,2002
0,1,황윤성,현대,0.324,25,39,37,6,12,4,1,1,21,9,0,0,1,황윤성,현대,0.324,1,0,1,8,0,0.568,0.359,0.927,3,0.429,0.25,1.0,황윤성,현대,0.324,6.0,9.0,8.0,1.13,0.0,0.13,2.87,0.243,6.9,0.304,2002
1,2,심정수,현대,0.321,133,577,502,101,161,22,1,46,323,119,0,3,2,심정수,현대,0.321,69,10,3,114,13,0.643,0.404,1.047,47,0.338,0.0,2.0,심정수,현대,0.321,69.0,101.0,129.0,0.78,0.0,0.61,4.03,0.323,117.4,0.343,2002
2,3,전준호,현대,0.300,126,501,420,83,126,15,8,3,166,28,14,1,3,전준호,현대,0.300,53,1,13,51,2,0.395,0.394,0.789,32,0.278,0.0,3.0,전준호,현대,0.300,26.0,136.0,108.0,1.26,0.0,1.04,3.94,0.095,70.3,0.276,2002
3,4,전근표,현대,0.294,11,20,17,2,5,2,1,0,9,5,0,0,4,전근표,현대,0.294,3,0,0,4,0,0.529,0.400,0.929,1,0.571,0.5,4.0,전근표,현대,0.294,3.0,1.0,7.0,0.14,0.0,0.75,4.50,0.235,3.4,0.312,2002
4,5,이숭용,현대,0.284,125,480,422,63,120,18,2,19,199,76,4,2,5,이숭용,현대,0.284,40,2,12,54,11,0.472,0.361,0.833,31,0.287,0.0,5.0,이숭용,현대,0.284,39.0,123.0,127.0,0.97,0.0,0.74,3.89,0.187,70.2,0.28,2002
5,6,최익성,현대,0.280,45,95,75,10,21,1,0,1,25,8,3,2,6,최익성,현대,0.280,11,1,4,15,0,0.333,0.391,0.724,2,0.154,0.158,6.0,최익성,현대,0.280,2.0,16.0,25.0,0.64,0.0,0.73,4.45,0.053,12.6,0.259,2002
6,7,폴,현대,0.280,113,441,397,48,111,18,2,18,187,64,1,2,7,폴,현대,0.280,35,1,6,115,11,0.471,0.345,0.816,26,0.257,0.25,7.0,폴,현대,0.280,38.0,99.0,74.0,1.34,0.0,0.30,3.96,0.191,61.3,0.273,2002
7,8,박재홍,현대,0.278,112,481,432,57,120,24,0,15,189,67,0,4,8,박재홍,현대,0.278,41,2,4,94,10,0.438,0.343,0.781,38,0.309,0.667,8.0,박재홍,현대,0.278,39.0,110.0,112.0,0.98,0.0,0.44,3.76,0.160,63.0,0.264,2002
8,9,프랭클린,현대,0.276,49,198,152,30,42,9,1,14,95,30,0,2,9,프랭클린,현대,0.276,34,3,10,52,2,0.625,0.434,1.059,11,0.211,0.0,9.0,프랭클린,현대,0.276,24.0,17.0,43.0,0.40,0.0,0.65,4.42,0.349,41.1,0.352,2002
9,10,강귀태,현대,0.272,74,155,147,17,40,8,0,1,51,16,3,1,10,강귀태,현대,0.272,2,0,2,20,3,0.347,0.289,0.636,7,0.279,0.182,10.0,강귀태,현대,0.272,9.0,42.0,46.0,0.91,0.0,0.10,3.25,0.075,13.0,0.217,2002
10,11,박종호,현대,0.266,108,468,402,58,107,15,2,7,147,53,29,1,11,박종호,현대,0.266,25,0,11,42,4,0.366,0.326,0.692,28,0.347,1.0,11.0,박종호,현대,0.266,24.0,145.0,109.0,1.33,0.0,0.60,3.58,0.100,49.3,0.238,2002
11,12,채종국,현대,0.228,100,224,184,24,42,7,0,3,58,15,12,3,12,채종국,현대,0.228,13,0,12,36,2,0.315,0.316,0.631,8,0.219,1.0,12.0,채종국,현대,0.228,10.0,56.0,53.0,1.06,0.0,0.36,3.47,0.087,21.0,0.221,2002
12,13,박진만,현대,0.219,126,466,401,47,88,24,0,12,148,57,9,4,13,박진만,현대,0.219,47,2,5,85,6,0.369,0.306,0.675,18,0.206,0.0,13.0,박진만,현대,0.219,36.0,111.0,121.0,0.92,0.0,0.55,4.25,0.150,47.6,0.23,2002
13,14,조재호,현대,0.216,61,104,88,9,19,4,2,2,33,12,2,2,14,조재호,현대,0.216,11,0,1,21,0,0.375,0.304,0.679,2,0.263,0.321,14.0,조재호,현대,0.216,8.0,25.0,25.0,1.00,0.0,0.52,3.80,0.159,11.4,0.231,2002
14,15,김일경,현대,0.213,57,91,80,9,17,2,1,2,27,7,2,1,15,김일경,현대,0.213,6,0,2,16,2,0.338,0.281,0.619,4,0.231,0.0,15.0,김일경,현대,0.213,5.0,20.0,28.0,0.71,0.0,0.38,3.25,0.125,8.2,0.211,2002
15,16,강병식,현대,0.208,89,147,130,16,27,3,1,6,50,20,1,2,16,강병식,현대,0.208,11,0,3,35,5,0.385,0.281,0.666,4,0.257,0.196,16.0,강병식,현대,0.208,10.0,48.0,22.0,2.18,0.0,0.31,4.23,0.177,13.8,0.223,2002
16,17,박경완,현대,0.203,119,398,330,42,67,10,1,19,136,42,12,3,17,박경완,현대,0.203,47,4,6,108,6,0.412,0.311,0.723,12,0.173,0.0,17.0,박경완,현대,0.203,30.0,76.0,82.0,0.93,0.0,0.44,4.14,0.209,46.4,0.243,2002
17,18,박우호,현대,0.200,12,11,10,2,2,0,0,0,2,0,0,0,18,박우호,현대,0.200,0,0,1,3,0,0.200,0.273,0.473,0,0.0,0.143,18.0,박우호,현대,0.200,0.0,1.0,4.0,0.25,0.0,0.00,2.82,0.000,0.6,0.173,2002
18,19,김민우,현대,0.195,25,47,41,8,8,2,1,0,12,2,0,1,19,김민우,현대,0.195,5,0,0,20,0,0.293,0.277,0.570,0,0.2,0.5,19.0,김민우,현대,0.195,3.0,8.0,6.0,1.33,0.0,0.25,4.43,0.098,3.9,0.198,2002
19,20,조승현,현대,0.163,31,50,43,3,7,1,0,2,14,7,4,0,20,조승현,현대,0.163,2,0,1,18,1,0.326,0.217,0.543,0,0.308,0.25,20.0,조승현,현대,0.163,3.0,8.0,10.0,0.80,0.0,0.11,3.98,0.163,3.0,0.179,2002
20,21,정수성,현대,0.154,50,16,13,6,2,0,0,0,2,0,1,0,21,정수성,현대,0.154,1,0,1,4,0,0.154,0.267,0.421,0,0.0,0.0,21.0,정수성,현대,0.154,0.0,3.0,4.0,0.75,0.0,0.25,4.00,0.000,1.1,0.159,2002
21,22,이용주,현대,0.150,23,22,20,5,3,0,0,1,6,2,0,0,22,이용주,현대,0.150,2,0,0,4,1,0.300,0.227,0.527,1,0.2,0.0,22.0,이용주,현대,0.150,1.0,9.0,4.0,2.25,0.0,0.50,3.32,0.150,1.2,0.177,2002
22,23,서한규,현대,0.130,86,50,46,8,6,1,1,0,9,3,1,0,23,서한규,현대,0.130,3,0,0,8,2,0.196,0.184,0.380,0,0.154,0.0,23.0,서한규,현대,0.130,2.0,19.0,13.0,1.46,0.0,0.38,3.76,0.065,0.6,0.132,2002
23,24,서성민,현대,0.109,36,50,46,3,5,0,0,1,8,1,1,0,24,서성민,현대,0.109,2,0,1,16,1,0.174,0.163,0.337,0,0.0,0.04,24.0,서성민,현대,0.109,1.0,10.0,15.0,0.67,0.0,0.13,3.26,0.065,0.5,0.117,2002
24,25,김필중,현대,0.000,3,2,2,0,0,0,0,0,0,0,0,0,25,김필중,현대,0.000,0,0,0,2,0,0.000,0.000,0.000,0,0.0,0.0,25.0,김필중,현대,0.000,0.0,0.0,0.0,-,0.0,0.00,5.00,0.000,-0.2,0.0,2002
25,25,배힘찬,현대,-,1,0,0,0,0,0,0,0,0,0,0,0,25,배힘찬,현대,-,0,0,0,0,0,-,-,-,0,0.0,0.0,25.0,배힘찬,현대,-,0.0,0.0,0.0,-,0.0,-,-,-,0.0,0.0,2002
26,25,이대환,현대,-,1,0,0,0,0,0,0,0,0,0,0,0,25,이대환,현대,-,0,0,0,0,0,-,-,-,0,0.0,0.0,25.0,이대환,현대,-,0.0,0.0,0.0,-,0.0,-,-,-,0.0,0.0,2002
27,25,전준호,현대,-,1,0,0,0,0,0,0,0,0,0,0,0,25,전준호,현대,-,0,0,0,0,0,-,-,-,0,0.0,0.0,25.0,전준호,현대,-,0.0,0.0,0.0,-,0.0,-,-,-,0.0,0.0,2002
28,25,조용준,현대,-,3,0,0,0,0,0,0,0,0,0,0,0,25,조용준,현대,-,0,0,0,0,0,-,-,-,0,0.0,0.0,25.0,조용준,현대,-,0.0,0.0,0.0,-,0.0,-,-,-,0.0,0.0,2002
0,1,윤태수,두산,0.333,3,3,3,0,1,1,0,0,2,0,0,0,1,윤태수,두산,0.333,0,0,0,0,0,0.667,0.333,1.000,0,0.0,0.5,1.0,윤태수,두산,0.333,1.0,2.0,0.0,-,0.0,-,4.33,0.333,0.5,0.317,2002
1,2,김동주,두산,0.318,120,487,415,63,132,21,0,26,231,79,0,7,2,김동주,두산,0.318,52,2,13,61,8,0.557,0.405,0.962,32,0.283,0.25,2.0,김동주,두산,0.318,47.0,97.0,132.0,0.73,0.0,0.85,3.90,0.239,90.5,0.322,2002
2,3,송원국,두산,0.308,45,70,65,9,20,5,0,3,34,13,0,0,3,송원국,두산,0.308,5,0,0,14,0,0.523,0.357,0.880,3,0.381,0.368,3.0,송원국,두산,0.308,8.0,14.0,17.0,0.82,0.0,0.36,3.44,0.215,11.8,0.291,2002
3,4,강인권,두산,0.294,38,56,51,4,15,1,0,0,16,1,1,0,4,강인권,두산,0.294,4,0,0,10,0,0.314,0.345,0.659,3,0.235,0.0,4.0,강인권,두산,0.294,1.0,18.0,8.0,2.25,0.0,0.40,4.02,0.020,6.2,0.234,2002
4,5,홍성흔,두산,0.289,127,484,432,51,125,17,0,18,196,70,7,3,5,홍성흔,두산,0.289,37,1,5,63,17,0.454,0.350,0.804,32,0.321,0.0,5.0,홍성흔,두산,0.289,35.0,132.0,115.0,1.15,0.0,0.59,3.71,0.164,64.3,0.271,2002
5,6,안경현,두산,0.288,130,548,486,50,140,24,4,8,196,58,7,6,6,안경현,두산,0.288,44,0,5,65,13,0.403,0.349,0.752,40,0.244,0.0,6.0,안경현,두산,0.288,36.0,152.0,135.0,1.13,0.0,0.68,3.59,0.115,67.3,0.258,2002
6,7,장원진,두산,0.275,130,488,444,55,122,12,3,1,143,30,7,3,7,장원진,두산,0.275,31,0,3,65,10,0.322,0.324,0.646,30,0.19,0.375,7.0,장원진,두산,0.275,16.0,143.0,117.0,1.22,0.0,0.48,3.75,0.047,45.7,0.226,2002
7,8,최경환,두산,0.274,126,403,369,69,101,18,1,13,160,47,0,2,8,최경환,두산,0.274,26,1,6,66,5,0.434,0.330,0.764,27,0.295,0.167,8.0,최경환,두산,0.274,32.0,83.0,121.0,0.69,0.0,0.39,3.67,0.160,52.7,0.257,2002
8,9,김호,두산,0.262,91,179,164,13,43,4,1,4,61,16,5,0,9,김호,두산,0.262,10,1,0,31,4,0.372,0.305,0.677,6,0.167,0.429,9.0,김호,두산,0.262,9.0,52.0,38.0,1.37,0.0,0.32,3.77,0.110,17.0,0.23,2002
9,10,우즈,두산,0.256,119,469,407,53,104,18,3,25,203,82,0,7,10,우즈,두산,0.256,50,3,5,123,11,0.499,0.339,0.838,24,0.32,0.0,10.0,우즈,두산,0.256,46.0,98.0,89.0,1.10,0.0,0.41,4.06,0.243,70.0,0.277,2002
10,11,강봉규,두산,0.250,93,182,160,30,40,6,1,5,63,25,3,1,11,강봉규,두산,0.250,16,1,2,43,4,0.394,0.324,0.718,9,0.35,0.281,11.0,강봉규,두산,0.250,12.0,36.0,42.0,0.86,0.0,0.37,4.21,0.144,21.2,0.244,2002
11,12,전상렬,두산,0.246,125,290,268,39,66,12,2,5,97,26,2,2,12,전상렬,두산,0.246,14,1,4,43,5,0.362,0.292,0.654,16,0.318,0.167,12.0,전상렬,두산,0.246,19.0,101.0,60.0,1.68,0.0,0.33,3.68,0.116,28.7,0.222,2002
12,13,심재학,두산,0.245,119,463,383,56,94,16,3,15,161,57,0,7,13,심재학,두산,0.245,67,4,6,55,11,0.420,0.361,0.781,17,0.267,0.333,13.0,심재학,두산,0.245,34.0,90.0,151.0,0.60,0.0,1.22,4.20,0.175,62.8,0.267,2002
13,14,정수근,두산,0.235,122,482,426,58,100,9,2,3,122,22,8,1,14,정수근,두산,0.235,44,2,3,51,8,0.286,0.310,0.596,25,0.204,0.0,14.0,정수근,두산,0.235,14.0,138.0,138.0,1.00,0.0,0.86,3.71,0.052,42.4,0.211,2002
14,15,유재웅,두산,0.211,52,61,57,3,12,1,0,1,16,5,0,0,15,유재웅,두산,0.211,3,0,1,21,1,0.281,0.262,0.543,2,0.1,0.235,15.0,유재웅,두산,0.211,2.0,13.0,11.0,1.18,0.0,0.14,3.80,0.070,3.9,0.188,2002
15,16,홍원기,두산,0.171,109,191,170,17,29,6,0,1,38,11,1,3,16,홍원기,두산,0.171,15,1,2,36,5,0.224,0.242,0.466,2,0.179,0.4,16.0,홍원기,두산,0.171,7.0,42.0,66.0,0.64,0.0,0.42,4.05,0.053,9.0,0.165,2002
16,17,김민호,두산,0.156,95,185,160,14,25,3,1,2,36,11,6,4,17,김민호,두산,0.156,12,0,3,39,4,0.225,0.223,0.448,2,0.083,1.0,17.0,김민호,두산,0.156,6.0,43.0,57.0,0.75,0.0,0.31,3.63,0.069,9.7,0.157,2002
17,18,문희성,두산,0.125,13,19,16,0,2,0,0,0,2,2,0,0,18,문희성,두산,0.125,3,0,0,6,0,0.125,0.263,0.388,0,0.2,0.0,18.0,문희성,두산,0.125,0.0,3.0,5.0,0.60,0.0,0.50,4.21,0.000,0.7,0.15,2002
18,19,고영민,두산,0.100,16,10,10,1,1,0,0,0,1,1,0,0,19,고영민,두산,0.100,0,0,0,1,0,0.100,0.100,0.200,0,0.0,0.0,19.0,고영민,두산,0.100,0.0,6.0,2.0,3.00,0.0,0.00,2.70,0.000,-0.5,0.07,2002
19,20,이종민,두산,0.091,14,12,11,2,1,0,0,0,1,0,0,0,20,이종민,두산,0.091,1,0,0,1,0,0.091,0.167,0.258,0,0.0,0.0,20.0,이종민,두산,0.091,0.0,4.0,5.0,0.80,0.0,1.00,4.25,0.000,-0.1,0.098,2002
20,21,김성균,두산,0.000,3,1,1,0,0,0,0,0,0,0,0,0,21,김성균,두산,0.000,0,0,0,0,0,0.000,0.000,0.000,0,0.0,0.0,21.0,김성균,두산,0.000,0.0,1.0,0.0,-,0.0,-,2.00,0.000,-0.1,0.0,2002
21,21,김학재,두산,-,2,0,0,0,0,0,0,0,0,0,0,0,21,김학재,두산,-,0,0,0,0,0,-,-,-,0,0.0,0.0,21.0,김학재,두산,-,0.0,0.0,0.0,-,0.0,-,-,-,0.0,0.0,2002
22,21,레스,두산,-,1,0,0,0,0,0,0,0,0,0,0,0,21,레스,두산,-,0,0,0,0,0,-,-,-,0,0.0,0.0,21.0,레스,두산,-,0.0,0.0,0.0,-,0.0,-,-,-,0.0,0.0,2002
23,21,이경환,두산,-,1,0,0,0,0,0,0,0,0,0,0,0,21,이경환,두산,-,0,0,0,0,0,-,-,-,0,0.0,0.0,21.0,이경환,두산,-,0.0,0.0,0.0,-,0.0,-,-,-,0.0,0.0,2002
24,21,이상훈,두산,-,2,0,0,0,0,0,0,0,0,0,0,0,21,이상훈,두산,-,0,0,0,0,0,-,-,-,0,0.0,0.0,21.0,이상훈,두산,-,0.0,0.0,0.0,-,0.0,-,-,-,0.0,0.0,2002
25,21,이재영,두산,-,2,0,0,0,0,0,0,0,0,0,0,0,21,이재영,두산,-,0,0,0,0,0,-,-,-,0,0.0,0.0,21.0,이재영,두산,-,0.0,0.0,0.0,-,0.0,-,-,-,0.0,0.0,2002
26,21,이혜천,두산,-,1,0,0,0,0,0,0,0,0,0,0,0,21,이혜천,두산,-,0,0,0,0,0,-,-,-,0,0.0,0.0,21.0,이혜천,두산,-,0.0,0.0,0.0,-,0.0,-,-,-,0.0,0.0,2002
27,21,진필중,두산,-,1,0,0,0,0,0,0,0,0,0,0,0,21,진필중,두산,-,0,0,0,0,0,-,-,-,0,0.0,0.0,21.0,진필중,두산,-,0.0,0.0,0.0,-,0.0,-,-,-,0.0,0.0,2002
28,21,차명주,두산,-,1,0,0,0,0,0,0,0,0,0,0,0,21,차명주,두산,-,0,0,0,0,0,-,-,-,0,0.0,0.0,21.0,차명주,두산,-,0.0,0.0,0.0,-,0.0,-,-,-,0.0,0.0,2002
0,1,김재구,SK,0.429,15,15,14,3,6,0,0,1,9,5,0,0,1,김재구,SK,0.429,1,0,0,3,1,0.643,0.467,1.110,0,0.2,0.4,1.0,김재구,SK,0.429,1.0,4.0,1.0,4.00,0.0,0.33,3.60,0.214,3.2,0.371,2002
1,2,이진영,SK,0.308,128,475,419,73,129,22,8,13,206,40,6,3,2,이진영,SK,0.308,42,3,5,57,7,0.492,0.375,0.867,36,0.193,0.5,2.0,이진영,SK,0.308,43.0,136.0,100.0,1.36,0.0,0.74,3.51,0.184,71.9,0.292,2002
2,3,안재만,SK,0.294,5,20,17,3,5,1,0,1,9,2,0,0,3,안재만,SK,0.294,2,0,1,4,0,0.529,0.400,0.929,1,0.0,0.0,3.0,안재만,SK,0.294,2.0,5.0,3.0,1.67,0.0,0.50,3.20,0.235,4.0,0.312,2002
3,4,채종범,SK,0.291,127,557,478,79,139,19,2,17,213,68,11,3,4,채종범,SK,0.291,47,1,18,70,17,0.446,0.374,0.820,38,0.377,0.0,4.0,채종범,SK,0.291,38.0,154.0,118.0,1.31,0.0,0.67,3.80,0.155,75.9,0.28,2002
4,5,이호준,SK,0.288,129,499,444,76,128,24,2,23,225,64,4,2,5,이호준,SK,0.288,45,3,4,75,12,0.507,0.358,0.865,34,0.291,0.286,5.0,이호준,SK,0.288,49.0,120.0,123.0,0.98,0.0,0.60,3.88,0.218,75.7,0.288,2002
5,6,잉글린,SK,0.282,78,279,248,33,70,18,0,6,106,36,0,3,6,잉글린,SK,0.282,23,0,5,47,5,0.427,0.351,0.778,16,0.295,0.143,6.0,잉글린,SK,0.282,24.0,59.0,75.0,0.79,0.0,0.49,3.85,0.145,36.7,0.265,2002
6,7,정경배,SK,0.281,75,174,153,19,43,11,1,2,62,14,4,2,7,정경배,SK,0.281,9,0,6,37,4,0.405,0.341,0.746,8,0.324,0.136,7.0,정경배,SK,0.281,14.0,38.0,37.0,1.03,0.0,0.24,3.75,0.124,20.3,0.255,2002
7,8,페르난데스,SK,0.281,132,556,499,81,140,24,0,45,299,107,0,1,8,페르난데스,SK,0.281,49,2,7,114,8,0.599,0.353,0.952,42,0.303,0.0,8.0,페르난데스,SK,0.281,69.0,108.0,138.0,0.78,0.0,0.43,3.85,0.319,100.1,0.309,2002
8,9,조원우,SK,0.269,116,329,297,42,80,8,2,8,116,36,7,2,9,조원우,SK,0.269,17,0,6,44,4,0.391,0.320,0.711,19,0.276,0.143,9.0,조원우,SK,0.269,18.0,98.0,77.0,1.27,0.0,0.39,3.89,0.121,37.6,0.242,2002
9,10,양현석,SK,0.267,88,223,191,23,51,4,0,6,73,25,1,2,10,양현석,SK,0.267,17,1,12,41,4,0.382,0.360,0.742,8,0.256,0.333,10.0,양현석,SK,0.267,10.0,54.0,47.0,1.15,0.0,0.41,3.95,0.115,28.2,0.258,2002
10,11,최태원,SK,0.262,121,300,260,28,68,7,2,2,85,22,10,2,11,최태원,SK,0.262,19,0,9,40,1,0.327,0.331,0.658,12,0.222,0.0,11.0,최태원,SK,0.262,11.0,72.0,82.0,0.88,0.0,0.48,3.82,0.065,31.3,0.231,2002
11,12,김민재,SK,0.258,131,548,488,51,126,21,3,12,189,50,19,4,12,김민재,SK,0.258,26,0,11,45,13,0.387,0.308,0.695,35,0.202,0.0,12.0,김민재,SK,0.258,36.0,164.0,157.0,1.04,0.0,0.58,3.61,0.129,57.1,0.235,2002
12,13,김기태,SK,0.257,101,337,284,32,73,15,1,9,117,46,3,3,13,김기태,SK,0.257,47,0,0,57,6,0.412,0.359,0.771,20,0.365,0.364,13.0,김기태,SK,0.257,25.0,74.0,83.0,0.89,0.0,0.82,4.29,0.155,44.4,0.265,2002
13,14,김동수,SK,0.243,95,299,251,28,61,10,2,11,108,32,14,3,14,김동수,SK,0.243,22,1,9,51,4,0.430,0.323,0.753,7,0.246,0.0,14.0,김동수,SK,0.243,23.0,58.0,84.0,0.69,0.0,0.43,3.94,0.187,37.1,0.253,2002
14,15,송재익,SK,0.229,116,78,70,13,16,3,1,0,21,5,1,0,15,송재익,SK,0.229,4,1,3,31,1,0.300,0.299,0.599,3,0.24,1.0,15.0,송재익,SK,0.229,4.0,16.0,7.0,2.29,0.0,0.13,4.37,0.071,6.5,0.21,2002
15,16,강성우,SK,0.216,62,100,88,2,19,2,0,0,21,8,8,2,16,강성우,SK,0.216,2,0,0,10,4,0.239,0.228,0.467,4,0.2,0.0,16.0,강성우,SK,0.216,2.0,41.0,20.0,2.05,0.0,0.20,3.75,0.023,3.9,0.162,2002
16,17,양용모,SK,0.215,74,116,107,14,23,8,0,1,34,10,5,1,17,양용모,SK,0.215,2,1,1,32,1,0.318,0.234,0.552,4,0.185,0.105,17.0,양용모,SK,0.215,9.0,41.0,12.0,3.42,0.0,0.06,3.84,0.103,8.6,0.185,2002
17,18,조경환,SK,0.214,93,310,280,37,60,15,3,13,120,33,2,2,18,조경환,SK,0.214,20,1,6,99,2,0.429,0.279,0.708,15,0.151,0.0,18.0,조경환,SK,0.214,31.0,57.0,66.0,0.86,0.0,0.20,4.12,0.214,35.1,0.233,2002
18,19,정상호,SK,0.179,28,43,39,1,7,0,0,0,7,4,1,1,19,정상호,SK,0.179,0,0,2,12,0,0.179,0.214,0.393,1,0.25,0.167,19.0,정상호,SK,0.179,0.0,12.0,9.0,1.33,0.0,0.00,3.72,0.000,1.6,0.141,2002
19,20,김동건,SK,0.167,10,6,6,0,1,0,0,0,1,0,0,0,20,김동건,SK,0.167,0,0,0,4,0,0.167,0.167,0.334,0,0.0,0.0,20.0,김동건,SK,0.167,0.0,0.0,1.0,0.00,0.0,0.00,3.67,0.000,0.0,0.117,2002
20,21,강혁,SK,0.149,31,49,47,3,7,2,0,0,9,2,0,0,21,강혁,SK,0.149,2,1,0,13,1,0.191,0.184,0.375,0,0.091,0.2,21.0,강혁,SK,0.149,2.0,11.0,16.0,0.69,0.0,0.15,3.92,0.043,0.5,0.131,2002
21,22,김강민,SK,-,1,0,0,0,0,0,0,0,0,0,0,0,22,김강민,SK,-,0,0,0,0,0,-,-,-,0,0.0,0.0,22.0,김강민,SK,-,0.0,0.0,0.0,-,0.0,-,-,-,-0.3,0.0,2002
22,22,박계원,SK,-,3,0,0,1,0,0,0,0,0,0,0,0,22,박계원,SK,-,0,0,0,0,0,-,-,-,0,0.0,0.0,22.0,박계원,SK,-,0.0,0.0,0.0,-,0.0,-,-,-,0.0,0.0,2002
23,22,오승준,SK,-,1,0,0,0,0,0,0,0,0,0,0,0,22,오승준,SK,-,0,0,0,0,0,-,-,-,0,0.0,0.0,22.0,오승준,SK,-,0.0,0.0,0.0,-,0.0,-,-,-,0.0,0.0,2002
24,22,윤형국,SK,-,11,1,0,1,0,0,0,0,0,0,0,0,22,윤형국,SK,-,1,0,0,0,0,-,1.000,1.000,0,0.0,0.0,22.0,윤형국,SK,-,0.0,0.0,0.0,-,0.0,-,5.00,-,0.3,0.45,2002
25,22,이대수,SK,-,3,0,0,0,0,0,0,0,0,0,0,0,22,이대수,SK,-,0,0,0,0,0,-,-,-,0,0.0,0.0,22.0,이대수,SK,-,0.0,0.0,0.0,-,0.0,-,-,-,0.0,0.0,2002
26,22,정대현,SK,-,1,0,0,0,0,0,0,0,0,0,0,0,22,정대현,SK,-,0,0,0,0,0,-,-,-,0,0.0,0.0,22.0,정대현,SK,-,0.0,0.0,0.0,-,0.0,-,-,-,0.0,0.0,2002
27,22,조동화,SK,0.000,4,1,1,1,0,0,0,0,0,0,0,0,22,조동화,SK,0.000,0,0,0,0,0,0.000,0.000,0.000,0,0.0,0.0,22.0,조동화,SK,0.000,0.0,1.0,0.0,-,0.0,-,3.00,0.000,-0.1,0.0,2002
28,22,조웅천,SK,-,2,0,0,0,0,0,0,0,0,0,0,0,22,조웅천,SK,-,0,0,0,0,0,-,-,-,0,0.0,0.0,22.0,조웅천,SK,-,0.0,0.0,0.0,-,0.0,-,-,-,0.0,0.0,2002
29,22,채병용,SK,-,1,0,0,0,0,0,0,0,0,0,0,0,22,채병용,SK,-,0,0,0,0,0,-,-,-,0,0.0,0.0,22.0,채병용,SK,-,0.0,0.0,0.0,-,0.0,-,-,-,0.0,0.0,2002
0,1,조윤채,한화,0.414,21,32,29,9,12,2,0,1,17,1,0,0,1,조윤채,한화,0.414,3,0,0,6,1,0.586,0.469,1.055,4,0.0,0.0,1.0,조윤채,한화,0.414,3.0,5.0,6.0,0.83,0.0,0.50,4.31,0.172,6.2,0.358,2002
1,2,이영우,한화,0.315,133,564,476,96,150,26,1,24,250,52,7,0,2,이영우,한화,0.315,73,6,8,103,14,0.525,0.415,0.940,43,0.321,0.167,2.0,이영우,한화,0.315,51.0,148.0,75.0,1.97,0.0,0.71,4.06,0.210,94.3,0.318,2002
2,3,송지만,한화,0.291,131,557,488,84,142,18,2,38,278,104,0,2,3,송지만,한화,0.291,58,4,9,136,14,0.570,0.375,0.945,37,0.295,0.0,3.0,송지만,한화,0.291,58.0,106.0,106.0,1.00,0.0,0.43,3.75,0.279,98.0,0.311,2002
3,4,강석천,한화,0.289,94,266,242,27,70,11,1,6,101,28,1,1,4,강석천,한화,0.289,20,0,2,51,9,0.417,0.347,0.764,16,0.298,0.306,4.0,강석천,한화,0.289,18.0,73.0,49.0,1.49,0.0,0.39,3.64,0.128,32.6,0.26,2002
4,5,데이비스,한화,0.287,115,456,404,56,116,23,1,21,204,72,0,2,5,데이비스,한화,0.287,46,5,4,97,6,0.505,0.364,0.869,29,0.265,0.2,5.0,데이비스,한화,0.287,45.0,127.0,66.0,1.92,0.0,0.47,4.08,0.218,71.4,0.29,2002
5,6,황우구,한화,0.280,43,91,75,9,21,5,0,2,32,13,4,1,6,황우구,한화,0.280,10,0,1,18,0,0.427,0.368,0.795,2,0.3,0.0,6.0,황우구,한화,0.280,7.0,13.0,24.0,0.54,0.0,0.56,3.80,0.147,12.6,0.272,2002
6,7,가르시아,한화,0.260,24,77,73,7,19,3,1,2,30,8,0,0,7,가르시아,한화,0.260,4,0,0,20,1,0.411,0.299,0.710,5,0.375,0.0,7.0,가르시아,한화,0.260,6.0,19.0,15.0,1.27,0.0,0.20,3.62,0.151,8.5,0.237,2002
7,8,이범호,한화,0.260,111,329,296,41,77,20,2,11,134,35,4,2,8,이범호,한화,0.260,24,1,3,57,5,0.453,0.320,0.773,17,0.25,0.0,8.0,이범호,한화,0.260,33.0,80.0,84.0,0.95,0.0,0.42,3.78,0.193,42.9,0.257,2002
8,9,조현수,한화,0.256,33,47,43,4,11,0,0,1,14,4,0,0,9,조현수,한화,0.256,3,0,1,10,2,0.326,0.319,0.645,1,0.25,0.333,9.0,조현수,한화,0.256,1.0,10.0,12.0,0.83,0.0,0.30,3.89,0.070,4.1,0.225,2002
9,10,허준,한화,0.255,103,227,196,14,50,5,0,2,61,11,8,2,10,허준,한화,0.255,20,0,1,32,4,0.311,0.324,0.635,8,0.15,0.0,10.0,허준,한화,0.255,7.0,69.0,47.0,1.47,0.0,0.63,3.55,0.056,20.0,0.224,2002
10,11,김태균,한화,0.255,105,344,298,25,76,11,0,7,108,34,1,2,11,김태균,한화,0.255,41,2,2,103,13,0.362,0.347,0.709,16,0.25,0.188,11.0,김태균,한화,0.255,18.0,81.0,40.0,2.03,0.0,0.40,4.23,0.107,36.6,0.247,2002
11,12,장종훈,한화,0.248,101,331,302,38,75,15,0,12,126,42,1,2,12,장종훈,한화,0.248,24,1,2,88,1,0.417,0.306,0.723,15,0.263,0.167,12.0,장종훈,한화,0.248,27.0,60.0,81.0,0.74,0.0,0.27,4.06,0.169,39.8,0.242,2002
12,13,이도형,한화,0.241,123,392,365,36,88,15,0,16,151,55,2,3,13,이도형,한화,0.241,20,2,2,66,10,0.414,0.282,0.696,22,0.234,0.286,13.0,이도형,한화,0.241,31.0,113.0,101.0,1.12,0.0,0.30,3.57,0.173,41.7,0.23,2002
13,14,조효상,한화,0.238,24,21,21,2,5,3,1,0,10,2,0,0,14,조효상,한화,0.238,0,0,0,6,1,0.476,0.238,0.714,2,0.2,0.0,14.0,조효상,한화,0.238,4.0,8.0,2.0,4.00,0.0,0.00,3.90,0.238,1.8,0.226,2002
14,15,임수민,한화,0.227,127,427,366,55,83,16,1,10,131,35,11,2,15,임수민,한화,0.227,40,0,7,78,10,0.358,0.313,0.671,19,0.221,0.25,15.0,임수민,한화,0.227,27.0,91.0,116.0,0.78,0.0,0.51,4.14,0.131,40.9,0.23,2002
15,16,조경택,한화,0.204,107,177,157,15,32,6,0,4,50,16,4,0,16,조경택,한화,0.204,13,0,3,41,3,0.318,0.277,0.595,5,0.179,0.0,16.0,조경택,한화,0.204,10.0,49.0,35.0,1.40,0.0,0.32,3.96,0.115,13.5,0.204,2002
16,17,백재호,한화,0.202,78,210,193,25,39,10,0,10,79,35,1,1,17,백재호,한화,0.202,14,0,1,42,2,0.409,0.258,0.667,8,0.231,0.0,17.0,백재호,한화,0.202,20.0,61.0,52.0,1.17,0.0,0.33,4.18,0.207,21.4,0.218,2002
17,18,김수연,한화,0.201,126,217,199,31,40,6,0,1,49,6,6,0,18,김수연,한화,0.201,9,0,2,40,1,0.246,0.243,0.489,8,0.098,0.133,18.0,김수연,한화,0.201,7.0,72.0,47.0,1.53,0.0,0.23,3.77,0.045,12.1,0.171,2002
18,19,조현,한화,0.200,6,5,5,0,1,0,0,0,1,0,0,0,19,조현,한화,0.200,0,0,0,2,0,0.200,0.200,0.400,0,0.0,0.25,19.0,조현,한화,0.200,0.0,1.0,1.0,1.00,0.0,0.00,4.00,0.000,0.1,0.14,2002
19,20,김종석,한화,0.188,77,209,186,21,35,9,0,2,50,14,0,1,20,김종석,한화,0.188,22,1,0,41,6,0.269,0.273,0.542,8,0.26,0.24,20.0,김종석,한화,0.188,11.0,65.0,46.0,1.41,0.0,0.54,3.74,0.081,12.4,0.19,2002
20,21,신국환,한화,0.167,7,8,6,1,1,0,0,0,1,1,1,1,21,신국환,한화,0.167,0,0,0,2,1,0.167,0.143,0.310,0,0.0,0.0,21.0,신국환,한화,0.167,0.0,3.0,1.0,3.00,0.0,0.00,2.63,0.000,0.1,0.106,2002
21,21,조정권,한화,0.167,15,12,12,1,2,0,0,0,2,0,0,0,21,조정권,한화,0.167,0,0,0,4,0,0.167,0.167,0.334,0,0.0,0.0,21.0,조정권,한화,0.167,0.0,5.0,1.0,5.00,0.0,0.00,2.92,0.000,0.1,0.117,2002
22,23,송혁,한화,0.100,12,12,10,0,1,0,0,0,1,0,0,0,23,송혁,한화,0.100,2,0,0,3,0,0.100,0.250,0.350,0,0.0,0.1,23.0,송혁,한화,0.100,0.0,3.0,3.0,1.00,0.0,0.67,4.67,0.000,0.3,0.138,2002
23,24,채상병,한화,0.063,29,34,32,0,2,2,0,0,4,2,1,0,24,채상병,한화,0.063,0,0,1,11,1,0.125,0.091,0.216,0,0.333,0.0,24.0,채상병,한화,0.063,2.0,12.0,7.0,1.71,0.0,0.00,3.62,0.063,-1.3,0.072,2002
24,25,김대원,한화,0.000,15,2,2,5,0,0,0,0,0,0,0,0,25,김대원,한화,0.000,0,0,0,2,0,0.000,0.000,0.000,0,0.0,0.0,25.0,김대원,한화,0.000,0.0,0.0,0.0,-,0.0,0.00,4.50,0.000,0.2,0.0,2002
25,25,김백만,한화,-,3,0,0,0,0,0,0,0,0,0,0,0,25,김백만,한화,-,0,0,0,0,0,-,-,-,0,0.0,0.0,25.0,김백만,한화,-,0.0,0.0,0.0,-,0.0,-,-,-,0.0,0.0,2002
26,25,김병준,한화,-,1,0,0,0,0,0,0,0,0,0,0,0,25,김병준,한화,-,0,0,0,0,0,-,-,-,0,0.0,0.0,25.0,김병준,한화,-,0.0,0.0,0.0,-,0.0,-,-,-,0.0,0.0,2002
27,25,김장백,한화,-,1,0,0,0,0,0,0,0,0,0,0,0,25,김장백,한화,-,0,0,0,0,0,-,-,-,0,0.0,0.0,25.0,김장백,한화,-,0.0,0.0,0.0,-,0.0,-,-,-,0.0,0.0,2002
28,25,김정수,한화,-,5,0,0,0,0,0,0,0,0,0,0,0,25,김정수,한화,-,0,0,0,0,0,-,-,-,0,0.0,0.0,25.0,김정수,한화,-,0.0,0.0,0.0,-,0.0,-,-,-,0.0,0.0,2002
29,25,김홍집,한화,-,3,0,0,0,0,0,0,0,0,0,0,0,25,김홍집,한화,-,0,0,0,0,0,-,-,-,0,0.0,0.0,25.0,김홍집,한화,-,0.0,0.0,0.0,-,0.0,-,-,-,0.0,0.0,2002
0,1,조윤채,한화,0.414,21,32,29,9,12,2,0,1,17,1,0,0,1,조윤채,한화,0.414,3,0,0,6,1,0.586,0.469,1.055,4,0.0,0.0,25.0,마정길,한화,-,0.0,0.0,0.0,-,0.0,-,-,-,0.0,0.0,2002
1,2,이영우,한화,0.315,133,564,476,96,150,26,1,24,250,52,7,0,2,이영우,한화,0.315,73,6,8,103,14,0.525,0.415,0.940,43,0.321,0.167,25.0,박정진,한화,-,0.0,0.0,0.0,-,0.0,-,-,-,0.0,0.0,2002
2,3,송지만,한화,0.291,131,557,488,84,142,18,2,38,278,104,0,2,3,송지만,한화,0.291,58,4,9,136,14,0.570,0.375,0.945,37,0.295,0.0,25.0,방진호,한화,-,0.0,0.0,0.0,-,0.0,-,-,-,0.0,0.0,2002
3,4,강석천,한화,0.289,94,266,242,27,70,11,1,6,101,28,1,1,4,강석천,한화,0.289,20,0,2,51,9,0.417,0.347,0.764,16,0.298,0.306,25.0,서창호,한화,-,0.0,0.0,0.0,-,0.0,-,-,-,0.0,0.0,2002
4,5,데이비스,한화,0.287,115,456,404,56,116,23,1,21,204,72,0,2,5,데이비스,한화,0.287,46,5,4,97,6,0.505,0.364,0.869,29,0.265,0.2,25.0,송진우,한화,-,0.0,0.0,0.0,-,0.0,-,-,-,0.0,0.0,2002
5,6,황우구,한화,0.280,43,91,75,9,21,5,0,2,32,13,4,1,6,황우구,한화,0.280,10,0,1,18,0,0.427,0.368,0.795,2,0.3,0.0,25.0,이상목,한화,-,0.0,0.0,0.0,-,0.0,-,-,-,0.0,0.0,2002
6,7,가르시아,한화,0.260,24,77,73,7,19,3,1,2,30,8,0,0,7,가르시아,한화,0.260,4,0,0,20,1,0.411,0.299,0.710,5,0.375,0.0,25.0,임주택,한화,0.000,0.0,1.0,2.0,0.50,0.0,0.00,4.17,0.000,-0.6,0.0,2002
7,8,이범호,한화,0.260,111,329,296,41,77,20,2,11,134,35,4,2,8,이범호,한화,0.260,24,1,3,57,5,0.453,0.320,0.773,17,0.25,0.0,25.0,정성열,한화,0.000,0.0,5.0,2.0,2.50,0.0,0.00,3.44,0.000,-1.2,0.0,2002
8,9,조현수,한화,0.256,33,47,43,4,11,0,0,1,14,4,0,0,9,조현수,한화,0.256,3,0,1,10,2,0.326,0.319,0.645,1,0.25,0.333,25.0,조규수,한화,-,0.0,0.0,0.0,-,0.0,-,-,-,0.0,0.0,2002
9,10,허준,한화,0.255,103,227,196,14,50,5,0,2,61,11,8,2,10,허준,한화,0.255,20,0,1,32,4,0.311,0.324,0.635,8,0.15,0.0,25.0,지승민,한화,-,0.0,0.0,0.0,-,0.0,-,-,-,0.0,0.0,2002
10,11,김태균,한화,0.255,105,344,298,25,76,11,0,7,108,34,1,2,11,김태균,한화,0.255,41,2,2,103,13,0.362,0.347,0.709,16,0.25,0.188,25.0,최영필,한화,-,0.0,0.0,0.0,-,0.0,-,-,-,0.0,0.0,2002
11,12,장종훈,한화,0.248,101,331,302,38,75,15,0,12,126,42,1,2,12,장종훈,한화,0.248,24,1,2,88,1,0.417,0.306,0.723,15,0.263,0.167,25.0,파라,한화,-,0.0,0.0,0.0,-,0.0,-,-,-,0.0,0.0,2002
12,13,이도형,한화,0.241,123,392,365,36,88,15,0,16,151,55,2,3,13,이도형,한화,0.241,20,2,2,66,10,0.414,0.282,0.696,22,0.234,0.286,25.0,피코타,한화,-,0.0,0.0,0.0,-,0.0,-,-,-,0.0,0.0,2002
13,14,조효상,한화,0.238,24,21,21,2,5,3,1,0,10,2,0,0,14,조효상,한화,0.238,0,0,0,6,1,0.476,0.238,0.714,2,0.2,0.0,,,,,,,,,,,,,,,2002
14,15,임수민,한화,0.227,127,427,366,55,83,16,1,10,131,35,11,2,15,임수민,한화,0.227,40,0,7,78,10,0.358,0.313,0.671,19,0.221,0.25,,,,,,,,,,,,,,,2002
15,16,조경택,한화,0.204,107,177,157,15,32,6,0,4,50,16,4,0,16,조경택,한화,0.204,13,0,3,41,3,0.318,0.277,0.595,5,0.179,0.0,,,,,,,,,,,,,,,2002
16,17,백재호,한화,0.202,78,210,193,25,39,10,0,10,79,35,1,1,17,백재호,한화,0.202,14,0,1,42,2,0.409,0.258,0.667,8,0.231,0.0,,,,,,,,,,,,,,,2002
17,18,김수연,한화,0.201,126,217,199,31,40,6,0,1,49,6,6,0,18,김수연,한화,0.201,9,0,2,40,1,0.246,0.243,0.489,8,0.098,0.133,,,,,,,,,,,,,,,2002
18,19,조현,한화,0.200,6,5,5,0,1,0,0,0,1,0,0,0,19,조현,한화,0.200,0,0,0,2,0,0.200,0.200,0.400,0,0.0,0.25,,,,,,,,,,,,,,,2002
19,20,김종석,한화,0.188,77,209,186,21,35,9,0,2,50,14,0,1,20,김종석,한화,0.188,22,1,0,41,6,0.269,0.273,0.542,8,0.26,0.24,,,,,,,,,,,,,,,2002
20,21,신국환,한화,0.167,7,8,6,1,1,0,0,0,1,1,1,1,21,신국환,한화,0.167,0,0,0,2,1,0.167,0.143,0.310,0,0.0,0.0,,,,,,,,,,,,,,,2002
21,21,조정권,한화,0.167,15,12,12,1,2,0,0,0,2,0,0,0,21,조정권,한화,0.167,0,0,0,4,0,0.167,0.167,0.334,0,0.0,0.0,,,,,,,,,,,,,,,2002
22,23,송혁,한화,0.100,12,12,10,0,1,0,0,0,1,0,0,0,23,송혁,한화,0.100,2,0,0,3,0,0.100,0.250,0.350,0,0.0,0.1,,,,,,,,,,,,,,,2002
23,24,채상병,한화,0.063,29,34,32,0,2,2,0,0,4,2,1,0,24,채상병,한화,0.063,0,0,1,11,1,0.125,0.091,0.216,0,0.333,0.0,,,,,,,,,,,,,,,2002
24,25,김대원,한화,0.000,15,2,2,5,0,0,0,0,0,0,0,0,25,김대원,한화,0.000,0,0,0,2,0,0.000,0.000,0.000,0,0.0,0.0,,,,,,,,,,,,,,,2002
25,25,김백만,한화,-,3,0,0,0,0,0,0,0,0,0,0,0,25,김백만,한화,-,0,0,0,0,0,-,-,-,0,0.0,0.0,,,,,,,,,,,,,,,2002
26,25,김병준,한화,-,1,0,0,0,0,0,0,0,0,0,0,0,25,김병준,한화,-,0,0,0,0,0,-,-,-,0,0.0,0.0,,,,,,,,,,,,,,,2002
27,25,김장백,한화,-,1,0,0,0,0,0,0,0,0,0,0,0,25,김장백,한화,-,0,0,0,0,0,-,-,-,0,0.0,0.0,,,,,,,,,,,,,,,2002
28,25,김정수,한화,-,5,0,0,0,0,0,0,0,0,0,0,0,25,김정수,한화,-,0,0,0,0,0,-,-,-,0,0.0,0.0,,,,,,,,,,,,,,,2002
29,25,김홍집,한화,-,3,0,0,0,0,0,0,0,0,0,0,0,25,김홍집,한화,-,0,0,0,0,0,-,-,-,0,0.0,0.0,,,,,,,,,,,,,,,2002
0,1,최준석,롯데,0.333,2,3,3,0,1,0,0,0,1,0,0,0,1,최준석,롯데,0.333,0,0,0,0,0,0.333,0.333,0.666,0,0.0,0.0,1.0,최준석,롯데,0.333,0.0,2.0,0.0,-,0.0,-,2.67,0.000,0.3,0.233,2002
1,2,에레라,롯데,0.305,53,222,210,23,64,8,1,6,92,20,2,1,2,에레라,롯데,0.305,8,2,1,28,1,0.438,0.332,0.770,19,0.205,0.0,2.0,에레라,롯데,0.305,15.0,74.0,45.0,1.64,0.0,0.29,3.23,0.133,28.3,0.259,2002
2,3,최기문,롯데,0.285,123,415,383,34,109,22,4,8,163,50,2,0,3,최기문,롯데,0.285,27,5,3,44,9,0.426,0.337,0.763,23,0.292,0.0,3.0,최기문,롯데,0.285,34.0,122.0,108.0,1.13,0.0,0.61,3.67,0.141,49.4,0.258,2002
3,4,김응국,롯데,0.284,116,412,373,35,106,15,3,3,136,49,2,1,4,김응국,롯데,0.284,34,2,2,58,8,0.365,0.346,0.711,24,0.291,0.3,4.0,김응국,롯데,0.284,21.0,123.0,87.0,1.41,0.0,0.59,3.81,0.080,46.4,0.247,2002
4,5,이대호,롯데,0.278,74,281,255,27,71,19,0,8,114,32,0,0,5,이대호,롯데,0.278,19,1,7,66,6,0.447,0.345,0.792,20,0.288,0.0,5.0,이대호,롯데,0.278,27.0,48.0,70.0,0.69,0.0,0.29,4.11,0.169,36.8,0.267,2002
5,6,이동욱,롯데,0.268,79,189,168,14,45,6,1,3,62,20,4,1,6,이동욱,롯데,0.268,10,0,6,34,4,0.369,0.330,0.699,9,0.261,0.148,6.0,이동욱,롯데,0.268,10.0,48.0,42.0,1.14,0.0,0.29,3.33,0.101,19.9,0.241,2002
6,7,김대익,롯데,0.264,91,332,303,36,80,12,0,3,101,21,5,1,7,김대익,롯데,0.264,23,2,0,52,4,0.333,0.315,0.648,19,0.26,0.0,7.0,김대익,롯데,0.264,15.0,103.0,69.0,1.49,0.0,0.44,3.70,0.069,31.8,0.225,2002
7,8,허문회,롯데,0.263,92,233,209,18,55,11,0,6,84,21,0,1,8,허문회,롯데,0.263,18,0,4,37,4,0.402,0.332,0.734,12,0.267,0.172,8.0,허문회,롯데,0.263,17.0,66.0,52.0,1.27,0.0,0.49,3.55,0.139,27.0,0.25,2002
8,9,박정태,롯데,0.262,103,308,267,26,70,14,1,7,107,38,2,0,9,박정태,롯데,0.262,32,0,7,32,4,0.401,0.356,0.757,16,0.3,0.176,9.0,박정태,롯데,0.262,22.0,96.0,69.0,1.39,0.0,1.00,4.00,0.139,38.4,0.26,2002
9,10,박현승,롯데,0.260,94,379,346,37,90,15,0,9,132,35,1,5,10,박현승,롯데,0.260,25,0,2,62,8,0.382,0.310,0.692,22,0.138,0.0,10.0,박현승,롯데,0.260,24.0,106.0,93.0,1.14,0.0,0.40,3.84,0.121,40.8,0.235,2002
10,11,김정현,롯데,0.250,24,76,68,10,17,2,0,1,22,6,0,0,11,김정현,롯데,0.250,8,1,0,20,0,0.324,0.329,0.653,5,0.278,0.0,11.0,김정현,롯데,0.250,3.0,14.0,17.0,0.82,0.0,0.40,3.89,0.074,6.8,0.229,2002
11,11,엄정대,롯데,0.250,51,74,64,14,16,3,0,1,22,6,0,1,11,엄정대,롯데,0.250,5,0,4,18,3,0.344,0.338,0.682,3,0.133,0.125,11.0,엄정대,롯데,0.250,4.0,13.0,18.0,0.72,0.0,0.28,3.66,0.094,7.6,0.238,2002
12,13,박기혁,롯데,0.243,66,146,136,15,33,6,0,0,39,8,1,0,13,박기혁,롯데,0.243,9,0,0,38,6,0.287,0.290,0.577,8,0.233,0.25,13.0,박기혁,롯데,0.243,6.0,40.0,25.0,1.60,0.0,0.24,3.88,0.044,9.6,0.202,2002
13,14,박종윤,롯데,0.241,10,31,29,2,7,1,0,0,8,5,0,1,14,박종윤,롯데,0.241,1,0,0,11,0,0.276,0.258,0.534,2,0.333,0.0,14.0,박종윤,롯데,0.241,1.0,6.0,6.0,1.00,0.0,0.09,3.61,0.034,2.4,0.185,2002
14,15,조성환,롯데,0.235,104,293,255,38,60,14,0,0,74,21,10,3,15,조성환,롯데,0.235,18,0,7,42,2,0.290,0.300,0.590,15,0.2,0.0,15.0,조성환,롯데,0.235,14.0,91.0,65.0,1.40,0.0,0.43,3.68,0.055,24.7,0.208,2002
15,16,김주찬,롯데,0.220,84,291,264,25,58,13,4,7,100,25,7,1,16,김주찬,롯데,0.220,14,0,5,75,5,0.379,0.271,0.650,15,0.2,0.0,16.0,김주찬,롯데,0.220,24.0,55.0,77.0,0.71,0.0,0.19,3.91,0.159,25.8,0.217,2002
16,17,이계성,롯데,0.218,69,135,124,13,27,7,0,1,37,7,0,1,17,이계성,롯데,0.218,10,0,0,30,2,0.298,0.274,0.572,6,0.115,0.1,17.0,이계성,롯데,0.218,8.0,34.0,34.0,1.00,0.0,0.33,3.67,0.081,9.8,0.198,2002
17,18,박경진,롯데,0.205,39,42,39,4,8,0,1,0,10,2,1,0,18,박경진,롯데,0.205,1,0,1,11,0,0.256,0.244,0.500,2,0.167,0.5,18.0,박경진,롯데,0.205,1.0,11.0,9.0,1.22,0.0,0.09,3.38,0.051,2.4,0.174,2002
18,19,신명철,롯데,0.205,81,134,127,12,26,4,2,2,40,10,2,1,19,신명철,롯데,0.205,4,0,0,35,0,0.315,0.227,0.542,3,0.2,0.125,19.0,신명철,롯데,0.205,8.0,30.0,37.0,0.81,0.0,0.11,3.37,0.110,8.0,0.181,2002
19,20,허일상,롯데,0.200,42,58,50,3,10,1,0,2,17,4,4,0,20,허일상,롯데,0.200,3,0,1,9,1,0.340,0.259,0.599,1,0.0,0.0,20.0,허일상,롯데,0.200,3.0,17.0,14.0,1.21,0.0,0.33,3.60,0.140,4.6,0.202,2002
20,21,김태균,롯데,0.193,67,164,145,11,28,7,0,3,44,16,3,0,21,김태균,롯데,0.193,14,0,2,46,2,0.303,0.273,0.576,5,0.303,0.091,21.0,김태균,롯데,0.193,10.0,37.0,34.0,1.09,0.0,0.30,4.10,0.110,11.8,0.199,2002
21,22,박상민,롯데,0.189,30,43,37,2,7,1,0,0,8,2,0,0,22,박상민,롯데,0.189,5,0,1,9,1,0.216,0.302,0.518,0,0.333,0.2,22.0,박상민,롯데,0.189,1.0,14.0,7.0,2.00,0.0,0.56,3.77,0.027,2.3,0.19,2002
22,23,이우민,롯데,0.188,49,174,154,15,29,5,1,1,39,10,1,0,23,이우민,롯데,0.188,7,0,12,47,1,0.253,0.277,0.530,7,0.176,0.333,23.0,이우민,롯데,0.188,7.0,47.0,31.0,1.52,0.0,0.15,3.64,0.065,11.3,0.188,2002
23,24,권오현,롯데,0.176,45,84,74,4,13,6,0,0,19,1,1,0,24,권오현,롯데,0.176,5,0,4,22,0,0.257,0.265,0.522,0,0.067,0.111,24.0,권오현,롯데,0.176,6.0,21.0,18.0,1.17,0.0,0.23,3.50,0.081,6.0,0.184,2002
24,25,해처,롯데,0.162,25,73,68,6,11,1,0,1,15,5,0,1,25,해처,롯데,0.162,2,0,2,22,2,0.221,0.205,0.426,2,0.083,0.167,25.0,해처,롯데,0.162,2.0,14.0,22.0,0.64,0.0,0.09,4.00,0.059,2.3,0.148,2002
25,26,박준서,롯데,0.152,29,34,33,4,5,1,0,0,6,0,0,0,26,박준서,롯데,0.152,1,0,0,12,1,0.182,0.176,0.358,0,0.077,0.0,26.0,박준서,롯데,0.152,1.0,8.0,8.0,1.00,0.0,0.08,4.15,0.030,0.3,0.125,2002
26,27,윤재국,롯데,0.125,32,46,40,3,5,1,1,0,8,3,0,0,27,윤재국,롯데,0.125,6,1,0,12,0,0.200,0.239,0.439,1,0.182,0.091,27.0,윤재국,롯데,0.125,2.0,11.0,12.0,0.92,0.0,0.50,4.00,0.075,2.3,0.158,2002
27,28,베로아,롯데,0.097,11,35,31,1,3,1,0,1,7,3,0,1,28,베로아,롯데,0.097,3,0,0,15,0,0.226,0.171,0.397,0,0.111,0.0,28.0,베로아,롯데,0.097,2.0,4.0,10.0,0.40,0.0,0.20,4.31,0.129,1.4,0.133,2002
28,29,이명호,롯데,0.091,7,11,11,1,1,0,0,0,1,0,0,0,29,이명호,롯데,0.091,0,0,0,5,0,0.091,0.091,0.182,0,0.0,0.0,29.0,이명호,롯데,0.091,0.0,2.0,3.0,0.67,0.0,0.00,4.36,0.000,-0.4,0.064,2002
29,30,김사율,롯데,-,1,0,0,0,0,0,0,0,0,0,0,0,30,김사율,롯데,-,0,0,0,0,0,-,-,-,0,0.0,0.0,30.0,김사율,롯데,-,0.0,0.0,0.0,-,0.0,-,-,-,0.0,0.0,2002
0,1,최준석,롯데,0.333,2,3,3,0,1,0,0,0,1,0,0,0,1,최준석,롯데,0.333,0,0,0,0,0,0.333,0.333,0.666,0,0.0,0.0,30.0,김장현,롯데,-,0.0,0.0,0.0,-,0.0,-,-,-,0.0,0.0,2002
1,2,에레라,롯데,0.305,53,222,210,23,64,8,1,6,92,20,2,1,2,에레라,롯데,0.305,8,2,1,28,1,0.438,0.332,0.770,19,0.205,0.0,30.0,김제빈,롯데,-,0.0,0.0,0.0,-,0.0,-,-,-,0.0,0.0,2002
2,3,최기문,롯데,0.285,123,415,383,34,109,22,4,8,163,50,2,0,3,최기문,롯데,0.285,27,5,3,44,9,0.426,0.337,0.763,23,0.292,0.0,30.0,김풍철,롯데,-,0.0,0.0,0.0,-,0.0,-,-,-,0.0,0.0,2002
3,4,김응국,롯데,0.284,116,412,373,35,106,15,3,3,136,49,2,1,4,김응국,롯데,0.284,34,2,2,58,8,0.365,0.346,0.711,24,0.291,0.3,30.0,노승욱,롯데,-,0.0,0.0,0.0,-,0.0,-,-,-,0.0,0.0,2002
4,5,이대호,롯데,0.278,74,281,255,27,71,19,0,8,114,32,0,0,5,이대호,롯데,0.278,19,1,7,66,6,0.447,0.345,0.792,20,0.288,0.0,30.0,문규현,롯데,0.000,0.0,0.0,1.0,0.00,0.0,-,7.00,0.000,-0.1,0.0,2002
5,6,이동욱,롯데,0.268,79,189,168,14,45,6,1,3,62,20,4,1,6,이동욱,롯데,0.268,10,0,6,34,4,0.369,0.330,0.699,9,0.261,0.148,30.0,에르난데스,롯데,-,0.0,0.0,0.0,-,0.0,-,-,-,0.0,0.0,2002
6,7,김대익,롯데,0.264,91,332,303,36,80,12,0,3,101,21,5,1,7,김대익,롯데,0.264,23,2,0,52,4,0.333,0.315,0.648,19,0.26,0.0,,,,,,,,,,,,,,,2002
7,8,허문회,롯데,0.263,92,233,209,18,55,11,0,6,84,21,0,1,8,허문회,롯데,0.263,18,0,4,37,4,0.402,0.332,0.734,12,0.267,0.172,,,,,,,,,,,,,,,2002
8,9,박정태,롯데,0.262,103,308,267,26,70,14,1,7,107,38,2,0,9,박정태,롯데,0.262,32,0,7,32,4,0.401,0.356,0.757,16,0.3,0.176,,,,,,,,,,,,,,,2002
9,10,박현승,롯데,0.260,94,379,346,37,90,15,0,9,132,35,1,5,10,박현승,롯데,0.260,25,0,2,62,8,0.382,0.310,0.692,22,0.138,0.0,,,,,,,,,,,,,,,2002
10,11,김정현,롯데,0.250,24,76,68,10,17,2,0,1,22,6,0,0,11,김정현,롯데,0.250,8,1,0,20,0,0.324,0.329,0.653,5,0.278,0.0,,,,,,,,,,,,,,,2002
11,11,엄정대,롯데,0.250,51,74,64,14,16,3,0,1,22,6,0,1,11,엄정대,롯데,0.250,5,0,4,18,3,0.344,0.338,0.682,3,0.133,0.125,,,,,,,,,,,,,,,2002
12,13,박기혁,롯데,0.243,66,146,136,15,33,6,0,0,39,8,1,0,13,박기혁,롯데,0.243,9,0,0,38,6,0.287,0.290,0.577,8,0.233,0.25,,,,,,,,,,,,,,,2002
13,14,박종윤,롯데,0.241,10,31,29,2,7,1,0,0,8,5,0,1,14,박종윤,롯데,0.241,1,0,0,11,0,0.276,0.258,0.534,2,0.333,0.0,,,,,,,,,,,,,,,2002
14,15,조성환,롯데,0.235,104,293,255,38,60,14,0,0,74,21,10,3,15,조성환,롯데,0.235,18,0,7,42,2,0.290,0.300,0.590,15,0.2,0.0,,,,,,,,,,,,,,,2002
15,16,김주찬,롯데,0.220,84,291,264,25,58,13,4,7,100,25,7,1,16,김주찬,롯데,0.220,14,0,5,75,5,0.379,0.271,0.650,15,0.2,0.0,,,,,,,,,,,,,,,2002
16,17,이계성,롯데,0.218,69,135,124,13,27,7,0,1,37,7,0,1,17,이계성,롯데,0.218,10,0,0,30,2,0.298,0.274,0.572,6,0.115,0.1,,,,,,,,,,,,,,,2002
17,18,박경진,롯데,0.205,39,42,39,4,8,0,1,0,10,2,1,0,18,박경진,롯데,0.205,1,0,1,11,0,0.256,0.244,0.500,2,0.167,0.5,,,,,,,,,,,,,,,2002
18,19,신명철,롯데,0.205,81,134,127,12,26,4,2,2,40,10,2,1,19,신명철,롯데,0.205,4,0,0,35,0,0.315,0.227,0.542,3,0.2,0.125,,,,,,,,,,,,,,,2002
19,20,허일상,롯데,0.200,42,58,50,3,10,1,0,2,17,4,4,0,20,허일상,롯데,0.200,3,0,1,9,1,0.340,0.259,0.599,1,0.0,0.0,,,,,,,,,,,,,,,2002
20,21,김태균,롯데,0.193,67,164,145,11,28,7,0,3,44,16,3,0,21,김태균,롯데,0.193,14,0,2,46,2,0.303,0.273,0.576,5,0.303,0.091,,,,,,,,,,,,,,,2002
21,22,박상민,롯데,0.189,30,43,37,2,7,1,0,0,8,2,0,0,22,박상민,롯데,0.189,5,0,1,9,1,0.216,0.302,0.518,0,0.333,0.2,,,,,,,,,,,,,,,2002
22,23,이우민,롯데,0.188,49,174,154,15,29,5,1,1,39,10,1,0,23,이우민,롯데,0.188,7,0,12,47,1,0.253,0.277,0.530,7,0.176,0.333,,,,,,,,,,,,,,,2002
23,24,권오현,롯데,0.176,45,84,74,4,13,6,0,0,19,1,1,0,24,권오현,롯데,0.176,5,0,4,22,0,0.257,0.265,0.522,0,0.067,0.111,,,,,,,,,,,,,,,2002
24,25,해처,롯데,0.162,25,73,68,6,11,1,0,1,15,5,0,1,25,해처,롯데,0.162,2,0,2,22,2,0.221,0.205,0.426,2,0.083,0.167,,,,,,,,,,,,,,,2002
25,26,박준서,롯데,0.152,29,34,33,4,5,1,0,0,6,0,0,0,26,박준서,롯데,0.152,1,0,0,12,1,0.182,0.176,0.358,0,0.077,0.0,,,,,,,,,,,,,,,2002
26,27,윤재국,롯데,0.125,32,46,40,3,5,1,1,0,8,3,0,0,27,윤재국,롯데,0.125,6,1,0,12,0,0.200,0.239,0.439,1,0.182,0.091,,,,,,,,,,,,,,,2002
27,28,베로아,롯데,0.097,11,35,31,1,3,1,0,1,7,3,0,1,28,베로아,롯데,0.097,3,0,0,15,0,0.226,0.171,0.397,0,0.111,0.0,,,,,,,,,,,,,,,2002
28,29,이명호,롯데,0.091,7,11,11,1,1,0,0,0,1,0,0,0,29,이명호,롯데,0.091,0,0,0,5,0,0.091,0.091,0.182,0,0.0,0.0,,,,,,,,,,,,,,,2002
29,30,김사율,롯데,-,1,0,0,0,0,0,0,0,0,0,0,0,30,김사율,롯데,-,0,0,0,0,0,-,-,-,0,0.0,0.0,,,,,,,,,,,,,,,2002
0,1,정수성,현대,0.375,26,10,8,3,3,0,0,0,3,0,1,0,1,정수성,현대,0.375,1,0,0,2,0,0.375,0.444,0.819,1,0.0,0.0,1.0,정수성,현대,0.375,0.0,2.0,1.0,2.00,0.0,0.50,3.90,0.000,1.8,0.294,2003
1,2,김민우,현대,0.368,15,22,19,1,7,1,0,0,8,2,0,0,2,김민우,현대,0.368,3,0,0,6,0,0.421,0.455,0.876,1,0.4,0.5,2.0,김민우,현대,0.368,1.0,5.0,1.0,5.00,0.0,0.50,4.09,0.053,3.3,0.31,2003
2,3,정성훈,현대,0.343,91,379,338,55,116,17,0,13,172,51,9,1,3,정성훈,현대,0.343,23,1,8,40,20,0.509,0.397,0.906,33,0.37,0.0,3.0,정성훈,현대,0.343,30.0,98.0,85.0,1.15,0.0,0.58,3.57,0.166,57.8,0.306,2003
3,4,심정수,현대,0.335,133,601,460,110,154,16,1,53,331,142,0,8,4,심정수,현대,0.335,124,17,9,63,14,0.720,0.478,1.198,45,0.346,0.0,4.0,심정수,현대,0.335,70.0,105.0,146.0,0.72,0.0,1.97,3.97,0.385,144.7,0.395,2003
4,5,김동수,현대,0.308,117,441,367,48,113,15,1,16,178,68,15,6,5,김동수,현대,0.308,45,5,8,57,10,0.485,0.390,0.875,29,0.35,0.286,5.0,김동수,현대,0.308,32.0,81.0,122.0,0.66,0.0,0.79,3.95,0.177,68.0,0.297,2003
5,6,브룸바,현대,0.303,70,297,264,45,80,18,1,14,142,51,0,2,6,브룸바,현대,0.303,29,0,2,43,6,0.538,0.374,0.912,19,0.324,0.0,6.0,브룸바,현대,0.303,33.0,47.0,96.0,0.49,0.0,0.67,3.87,0.235,48.8,0.303,2003
6,7,이숭용,현대,0.294,133,573,511,70,150,25,0,18,229,76,7,4,7,이숭용,현대,0.294,47,0,4,69,10,0.448,0.355,0.803,46,0.246,0.0,7.0,이숭용,현대,0.294,43.0,129.0,167.0,0.77,0.0,0.68,3.88,0.155,79.9,0.272,2003
7,8,박종호,현대,0.293,131,597,502,90,147,26,4,6,199,61,26,4,8,박종호,현대,0.293,47,0,18,53,6,0.396,0.371,0.767,43,0.255,0.0,8.0,박종호,현대,0.293,36.0,152.0,154.0,0.99,0.0,0.89,3.94,0.104,76.8,0.266,2003
8,9,박진만,현대,0.283,129,515,421,68,119,26,0,16,193,48,22,4,9,박진만,현대,0.283,55,0,13,66,14,0.458,0.379,0.837,33,0.232,0.0,9.0,박진만,현대,0.283,42.0,93.0,147.0,0.63,0.0,0.83,3.94,0.176,72.3,0.285,2003
9,10,이택근,현대,0.278,101,243,212,26,59,11,0,4,82,17,6,1,10,이택근,현대,0.278,11,0,13,35,3,0.387,0.350,0.737,11,0.185,0.333,10.0,이택근,현대,0.278,15.0,67.0,52.0,1.29,0.0,0.31,3.57,0.108,28.7,0.254,2003
10,11,전준호,현대,0.269,129,533,442,79,119,16,6,3,156,38,20,2,11,전준호,현대,0.269,58,0,10,56,3,0.353,0.365,0.718,35,0.264,0.0,11.0,전준호,현대,0.269,25.0,146.0,123.0,1.19,0.0,1.04,3.90,0.084,63.8,0.253,2003
11,12,강귀태,현대,0.256,66,132,117,19,30,6,0,3,45,12,4,0,12,강귀태,현대,0.256,10,0,1,16,5,0.385,0.320,0.705,6,0.182,0.25,12.0,강귀태,현대,0.256,9.0,39.0,32.0,1.22,0.0,0.63,3.64,0.128,13.1,0.24,2003
12,12,전근표,현대,0.256,61,182,156,19,40,7,0,7,68,21,2,0,12,전근표,현대,0.256,20,0,4,44,1,0.436,0.356,0.792,8,0.164,0.222,12.0,전근표,현대,0.256,14.0,30.0,42.0,0.71,0.0,0.45,4.12,0.179,25.2,0.269,2003
13,14,조재호,현대,0.244,97,151,135,18,33,6,0,2,45,13,4,0,14,조재호,현대,0.244,10,0,2,25,2,0.333,0.306,0.639,5,0.231,0.178,14.0,조재호,현대,0.244,8.0,43.0,34.0,1.26,0.0,0.40,3.83,0.089,14.0,0.221,2003
14,15,채종국,현대,0.241,90,164,137,18,33,8,0,3,50,16,12,2,15,채종국,현대,0.241,7,0,6,31,3,0.365,0.303,0.668,2,0.257,0.125,15.0,채종국,현대,0.241,11.0,37.0,38.0,0.97,0.0,0.23,3.44,0.124,16.0,0.228,2003
15,16,프랭클린,현대,0.221,38,167,136,24,30,4,0,10,64,28,0,3,16,프랭클린,현대,0.221,25,0,3,57,0,0.471,0.347,0.818,6,0.297,0.0,16.0,프랭클린,현대,0.221,14.0,15.0,37.0,0.41,0.0,0.44,4.86,0.250,26.4,0.274,2003
16,17,김일경,현대,0.219,80,72,64,9,14,2,0,2,22,4,3,0,17,김일경,현대,0.219,1,0,4,20,0,0.344,0.275,0.619,1,0.19,0.2,17.0,김일경,현대,0.219,4.0,11.0,19.0,0.58,0.0,0.05,3.65,0.125,5.7,0.21,2003
17,18,최익성,현대,0.191,33,59,47,9,9,2,1,1,16,5,2,1,18,최익성,현대,0.191,8,0,1,9,1,0.340,0.316,0.656,1,0.231,0.2,18.0,최익성,현대,0.191,4.0,11.0,19.0,0.58,0.0,0.89,3.95,0.149,6.1,0.227,2003
18,19,서한규,현대,0.188,35,18,16,2,3,0,0,0,3,1,1,0,19,서한규,현대,0.188,1,0,0,2,1,0.188,0.235,0.423,0,0.5,0.0,19.0,서한규,현대,0.188,0.0,6.0,5.0,1.20,0.0,0.50,4.06,0.000,0.3,0.153,2003
19,20,조승현,현대,0.158,8,19,19,1,3,0,0,1,6,1,0,0,20,조승현,현대,0.158,0,0,0,5,0,0.316,0.158,0.474,0,0.0,0.25,20.0,조승현,현대,0.158,1.0,5.0,6.0,0.83,0.0,0.00,3.74,0.158,1.1,0.15,2003
20,21,강병식,현대,0.138,43,79,65,6,9,0,1,2,17,11,1,0,21,강병식,현대,0.138,12,0,1,17,1,0.262,0.282,0.544,1,0.2,0.143,21.0,강병식,현대,0.138,3.0,28.0,11.0,2.55,0.0,0.71,4.37,0.123,5.5,0.192,2003
21,22,권준헌,현대,-,2,0,0,0,0,0,0,0,0,0,0,0,22,권준헌,현대,-,0,0,0,0,0,-,-,-,0,0.0,0.0,22.0,권준헌,현대,-,0.0,0.0,0.0,-,0.0,-,-,-,0.0,0.0,2003
22,22,김성태,현대,-,3,0,0,0,0,0,0,0,0,0,0,0,22,김성태,현대,-,0,0,0,0,0,-,-,-,0,0.0,0.0,22.0,김성태,현대,-,0.0,0.0,0.0,-,0.0,-,-,-,0.0,0.0,2003
23,22,마일영,현대,-,1,0,0,0,0,0,0,0,0,0,0,0,22,마일영,현대,-,0,0,0,0,0,-,-,-,0,0.0,0.0,22.0,마일영,현대,-,0.0,0.0,0.0,-,0.0,-,-,-,0.0,0.0,2003
24,22,신철인,현대,-,2,0,0,0,0,0,0,0,0,0,0,0,22,신철인,현대,-,0,0,0,0,0,-,-,-,0,0.0,0.0,22.0,신철인,현대,-,0.0,0.0,0.0,-,0.0,-,-,-,0.0,0.0,2003
25,22,이대환,현대,-,3,0,0,0,0,0,0,0,0,0,0,0,22,이대환,현대,-,0,0,0,0,0,-,-,-,0,0.0,0.0,22.0,이대환,현대,-,0.0,0.0,0.0,-,0.0,-,-,-,0.0,0.0,2003
26,22,이상열,현대,-,1,0,0,0,0,0,0,0,0,0,0,0,22,이상열,현대,-,0,0,0,0,0,-,-,-,0,0.0,0.0,22.0,이상열,현대,-,0.0,0.0,0.0,-,0.0,-,-,-,0.0,0.0,2003
27,22,조용준,현대,-,3,0,0,0,0,0,0,0,0,0,0,0,22,조용준,현대,-,0,0,0,0,0,-,-,-,0,0.0,0.0,22.0,조용준,현대,-,0.0,0.0,0.0,-,0.0,-,-,-,0.0,0.0,2003
28,22,황두성,현대,-,1,0,0,0,0,0,0,0,0,0,0,0,22,황두성,현대,-,0,0,0,0,0,-,-,-,0,0.0,0.0,22.0,황두성,현대,-,0.0,0.0,0.0,-,0.0,-,-,-,0.0,0.0,2003
0,1,김강민,SK,0.500,2,4,4,0,2,0,0,0,2,1,0,0,1,김강민,SK,0.500,0,0,0,1,0,0.500,0.500,1.000,1,0.5,0.0,1.0,김강민,SK,0.500,0.0,0.0,1.0,0.00,0.0,0.00,5.00,0.000,0.8,0.35,2003
1,2,이진영,SK,0.328,128,562,481,81,158,29,6,17,250,70,13,2,2,이진영,SK,0.328,62,1,4,76,6,0.520,0.408,0.928,45,0.364,0.0,2.0,이진영,SK,0.328,52.0,130.0,119.0,1.09,0.0,0.82,3.95,0.191,95.2,0.314,2003
2,3,강혁,SK,0.294,117,219,197,22,58,8,0,4,78,23,5,0,3,강혁,SK,0.294,14,0,3,16,5,0.396,0.350,0.746,12,0.22,0.182,3.0,강혁,SK,0.294,12.0,64.0,59.0,1.08,0.0,0.88,3.62,0.102,25.2,0.257,2003
3,4,김기태,SK,0.292,93,265,236,32,69,7,0,3,85,18,1,1,4,김기태,SK,0.292,27,0,0,30,4,0.360,0.364,0.724,15,0.2,0.227,4.0,김기태,SK,0.292,10.0,75.0,63.0,1.19,0.0,0.90,3.92,0.068,31.4,0.254,2003
4,5,이호준,SK,0.290,133,554,473,86,137,20,1,36,267,102,2,1,5,이호준,SK,0.290,69,4,9,80,6,0.564,0.389,0.953,35,0.313,0.5,5.0,이호준,SK,0.290,57.0,112.0,145.0,0.77,0.0,0.86,3.99,0.275,100.2,0.316,2003
5,6,디아즈,SK,0.285,112,485,439,56,125,26,0,22,217,63,0,4,6,디아즈,SK,0.285,32,1,10,47,11,0.494,0.344,0.838,37,0.215,0.0,6.0,디아즈,SK,0.285,48.0,113.0,158.0,0.72,0.0,0.68,3.38,0.210,72.8,0.278,2003
6,7,조경환,SK,0.285,121,441,376,63,107,20,1,23,198,68,8,1,7,조경환,SK,0.285,45,0,11,103,10,0.527,0.376,0.903,32,0.314,0.2,7.0,조경환,SK,0.285,44.0,73.0,94.0,0.78,0.0,0.44,4.18,0.242,69.5,0.301,2003
7,8,조원우,SK,0.281,128,518,452,65,127,18,0,8,169,48,13,4,8,조원우,SK,0.281,35,1,14,65,7,0.374,0.349,0.723,39,0.316,0.143,8.0,조원우,SK,0.281,26.0,127.0,137.0,0.93,0.0,0.54,3.92,0.093,61.9,0.251,2003
8,9,정경배,SK,0.272,119,425,372,55,101,16,0,12,153,51,12,3,9,정경배,SK,0.272,27,0,11,56,3,0.411,0.337,0.748,22,0.279,0.0,9.0,정경배,SK,0.272,28.0,104.0,114.0,0.91,0.0,0.48,3.81,0.140,54.5,0.254,2003
9,10,강성우,SK,0.264,39,59,53,5,14,1,0,0,15,3,2,0,10,강성우,SK,0.264,3,0,1,10,3,0.283,0.316,0.599,3,0.143,1.0,10.0,강성우,SK,0.264,1.0,20.0,9.0,2.22,0.0,0.30,3.39,0.019,4.0,0.213,2003
10,11,박경완,SK,0.250,122,428,336,49,84,16,2,15,149,60,21,3,11,박경완,SK,0.250,59,2,9,93,8,0.443,0.373,0.816,19,0.265,0.0,11.0,박경완,SK,0.250,33.0,65.0,97.0,0.67,0.0,0.63,4.16,0.193,58.4,0.279,2003
11,11,윤형국,SK,0.250,4,5,4,0,1,0,0,0,1,1,0,0,11,윤형국,SK,0.250,1,0,0,1,0,0.250,0.400,0.650,0,0.5,0.0,11.0,윤형국,SK,0.250,0.0,1.0,1.0,1.00,0.0,1.00,3.80,0.000,0.6,0.243,2003
12,13,안재만,SK,0.247,85,209,182,30,45,11,2,7,81,29,5,2,13,안재만,SK,0.247,17,0,3,53,3,0.445,0.319,0.764,11,0.311,0.167,13.0,안재만,SK,0.247,20.0,45.0,41.0,1.10,0.0,0.32,3.85,0.198,25.6,0.255,2003
13,14,채종범,SK,0.242,94,247,223,20,54,10,0,3,73,15,4,3,14,채종범,SK,0.242,11,1,6,34,5,0.327,0.292,0.619,11,0.176,0.286,14.0,채종범,SK,0.242,13.0,68.0,70.0,0.97,0.0,0.32,3.54,0.085,21.6,0.213,2003
14,15,양현석,SK,0.226,55,89,84,6,19,3,0,1,25,9,0,2,15,양현석,SK,0.226,3,0,0,18,1,0.298,0.247,0.545,4,0.179,0.129,15.0,양현석,SK,0.226,4.0,16.0,33.0,0.48,0.0,0.17,3.75,0.071,6.9,0.186,2003
15,16,김민재,SK,0.211,129,452,369,43,78,16,1,4,108,36,30,5,16,김민재,SK,0.211,44,0,4,42,13,0.293,0.299,0.592,16,0.242,0.0,16.0,김민재,SK,0.211,21.0,136.0,118.0,1.15,0.0,1.05,3.63,0.081,35.1,0.208,2003
16,17,정상호,SK,0.211,21,45,38,5,8,4,1,0,14,2,4,0,17,정상호,SK,0.211,3,0,0,11,0,0.368,0.268,0.636,2,0.143,0.5,17.0,정상호,SK,0.211,5.0,9.0,10.0,0.90,0.0,0.27,4.16,0.158,3.8,0.213,2003
17,18,최태원,SK,0.208,33,28,24,5,5,2,0,0,7,3,2,0,18,최태원,SK,0.208,1,0,1,2,0,0.292,0.269,0.561,0,0.167,0.0,18.0,최태원,SK,0.208,2.0,5.0,12.0,0.42,0.0,0.50,3.50,0.083,1.7,0.194,2003
18,19,송재익,SK,0.187,92,93,75,17,14,2,2,1,23,9,5,0,19,송재익,SK,0.187,10,0,3,18,2,0.307,0.307,0.614,3,0.24,0.0,19.0,송재익,SK,0.187,5.0,25.0,18.0,1.39,0.0,0.56,3.81,0.120,7.6,0.215,2003
19,20,조중근,SK,0.100,11,21,20,2,2,0,0,0,2,0,0,0,20,조중근,SK,0.100,1,0,0,6,0,0.100,0.143,0.243,1,0.143,0.0,20.0,조중근,SK,0.100,0.0,6.0,6.0,1.00,0.0,0.17,3.95,0.000,-0.3,0.089,2003
20,21,김동건,SK,-,2,0,0,0,0,0,0,0,0,0,0,0,21,김동건,SK,-,0,0,0,0,0,-,-,-,0,0.0,0.0,21.0,김동건,SK,-,0.0,0.0,0.0,-,0.0,-,-,-,0.0,0.0,2003
21,21,신승현,SK,-,1,0,0,0,0,0,0,0,0,0,0,0,21,신승현,SK,-,0,0,0,0,0,-,-,-,0,0.0,0.0,21.0,신승현,SK,-,0.0,0.0,0.0,-,0.0,-,-,-,0.0,0.0,2003
22,21,김형철,SK,0.000,2,3,3,0,0,0,0,0,0,0,0,0,21,김형철,SK,0.000,0,0,0,0,0,0.000,0.000,0.000,0,0.0,0.0,21.0,김형철,SK,0.000,0.0,1.0,2.0,0.50,0.0,-,3.33,0.000,-0.3,0.0,2003
23,21,박두일,SK,0.000,1,1,1,0,0,0,0,0,0,0,0,0,21,박두일,SK,0.000,0,0,0,0,0,0.000,0.000,0.000,0,0.0,0.0,21.0,박두일,SK,0.000,0.0,0.0,1.0,0.00,0.0,-,8.00,0.000,-0.1,0.0,2003
24,21,송수근,SK,0.000,2,1,1,0,0,0,0,0,0,0,0,0,21,송수근,SK,0.000,0,0,0,0,0,0.000,0.000,0.000,0,0.0,0.0,21.0,송수근,SK,0.000,0.0,0.0,1.0,0.00,0.0,-,5.00,0.000,-0.1,0.0,2003
25,21,송은범,SK,0.000,1,1,1,0,0,0,0,0,0,0,0,0,21,송은범,SK,0.000,0,0,0,1,0,0.000,0.000,0.000,0,0.0,0.0,21.0,송은범,SK,0.000,0.0,0.0,0.0,-,0.0,0.00,4.00,0.000,-0.1,0.0,2003
26,21,윤길현,SK,-,1,0,0,0,0,0,0,0,0,0,0,0,21,윤길현,SK,-,0,0,0,0,0,-,-,-,0,0.0,0.0,21.0,윤길현,SK,-,0.0,0.0,0.0,-,0.0,-,-,-,0.0,0.0,2003
27,21,이대수,SK,0.000,10,2,1,2,0,0,0,0,0,1,0,1,21,이대수,SK,0.000,0,0,0,0,0,0.000,0.000,0.000,0,0.0,0.0,21.0,이대수,SK,0.000,0.0,0.0,2.0,0.00,0.0,-,4.00,0.000,0.3,0.0,2003
28,21,조웅천,SK,-,2,0,0,0,0,0,0,0,0,0,0,0,21,조웅천,SK,-,0,0,0,0,0,-,-,-,0,0.0,0.0,21.0,조웅천,SK,-,0.0,0.0,0.0,-,0.0,-,-,-,0.0,0.0,2003
